ID,Title,Author,Subject,Publisher,Year Of Publication,ISBN,Keywords,Copies
1,Towns For People,Mikhali Posokhin,Urban Development,"Progress Publishers, Moscow",1980,,"towns, People, Building",1
2,An Introduction To Social Equity Audit,Edwin,General,National Centre For Advocacy Studies,January 2007,,Social Equity Audit,1
3,The Corporation-The Pathological Pursuit Of Profit And Power,Joel Bakan,General,First Free Press Trade Paperback,2005,,"Business, Democracy, Corporations, Reckoning",1
4,Psycho-Social Care In Disaster Response,"Dr.K.Sekar, Nimhans",Disasters,"Unnati, Oxfam",2008,,"Disasters & Impact, Psycho-Social Care",2
5,Water And Sanitation,C.P.Jeevan,Water,"Unnati, Oxfam",2007,,"Water, Sanitation, Wastan",1
6,Pattern And Shape,Kurt Rowland,Architecture,Ginn and Company Ltd.,,-,"Patterns,Page, Materials, Surroundings",1
7,Anchoring Homes,Un-Habitat,Architecture,Un-Habitat,2007,9789211319101,"Anchoring Homes ,Tsunami,",1
8,Disaster Risk Reduction,Unnati,Disasters,Unnati-Organisation For Development Eduction,March 2008,,"Disasters, Vulnerability, Reduction, Community, Instructions",1
9,From Post-Tsunami Emergency Assistance To Livelihood In South India,Philippe Regnier,Disasters,International Federation Terre ,Febuary 2007,,"Argumentary, Relif Assistance",1
10,An Owner Driven Interim Shelter Initiative In J & K Report On Tanghdar Region,ODRC,Disasters,Kutch Nav Nirman Abhiyan,November 2005,,,3
11,Manual For Restoration And Retrofitting Of Rural Structures In Kashmir,"Rajendra Desai, Rupal Desai",Disasters,"UNESCO, UNDP",July 2007,,"Architecture, Construction, ",1
12,Assessing Damage After Disasters,"Vivek Rawal, Dinesh Prajapati",Disasters,Unnati,2007,,"Loss & Damage, Housing, ",4
13,Manual On Hazard Resistant Construction In India,"Rajendra Desai, Rupal Desai",Disasters,NCPDP,June 2008,,"Disaster, Building , Restoration",6
14,Protecting Persons Affected By Natural Disasters,Brookings-Bern Project On Internal Displacement,Disasters,Brookings-Bern Project On Internal Displacement,June 2006,,"Protection of Life, ",1
15,Disaster Management Community,G.Padmanabhan,Disasters,United Nations,April 2007,,"Disaster,",1
16,A People's Guide To Building Damages And Disaster Safe Construction,"Vivek Rawal, Dinesh Prajapati, Balaji Joshi",Disasters,Unnati,2006,,"Foundation and Plinth, Walls and Openings, Roof and Overhangs",4
17,Working Paper,Sulhpal Singh,Environment,IIM Ahmedabad,Nov. 2006,,Agricultural  Development,1
18,Sabarmati Riverfront Project- Zupdao Na Punarvasan Par Ek Abhyas,Dr. Renu Desai,Housing,Not Known,,,,1
19,Owner Driven Reconstruction: Towards A Policy Framework- Regional Consultation Gandhidham,ODRC,Disasters,ODR Collaborative Secretanat,December 2008,,,10
20,Tsunami Lessons For Habitat Development,UNDP,Disasters,UNDP,2008,,"Shelter & Habitat Development, Tsunami",3
21,Catch It Where It Falls,"Radha Kunke, Satyanarayan Padhiari, Peeyush Sekhsaria, Charlotte Rebello",Water,UNDP India,2008,, Water Construction & Management,1
22,Women's Participation In Disaster Relif And Recovery,"Ayse Yonder, Sengul Akcar, Prema Gopalan",Disasters,Population Council,November 2005,,"Disaster,  Relief",1
23,National Disaster Management Guidelines- Management Of Earthquakes,NDMA,Disasters,"National Disaster Management Authority, Govt. of India",April 2007,,"Earthquake Risk, Traditional Housing, Past Initiatives",1
24,Adaptation To Climate Variability And Change,Winrock,Disasters,"Institute For Social and Environmental Transition, and Winrock International, India",January 2007,,,1
25,Garib Vanchit Samudayo Mate Temnu Astitva Khatrama …!,Bina Jadav,Rural Development,"Rehethan Adhikar Munch, Ahmedabad",,,,1
26,Aapda Nivaran Mate Lok Prayas,Unnati,Disasters,Unnati,2010,,,1
27,The Symbology Of Urban Loci,Monica Khosla,Urban Development,Urban Design,,,"Urban, Symbology",1
28,"Sustainable Reconstruction Initiative In Karaikal, Pondicherry, India",UNDP,Disasters,Skat Foundation,Oct 2008,,Social Housing,1
29,Reducing Earthquake Losses In Rural Areas,"Robin Spence, Andrew Coburn",Disasters,University of Cambridge,May 1987,,"Earthquake, Houses",1
30,Getty Conservation Institute Guidelines For Seismic Strengthening Of Adobe Project- Report Of First Year Activities,"Charles.Thiel Jr., E. Leroy tolles, Edna E. Kimbro, Fredrick A. Webster, William S. Ginell",Disasters,Getty Conservation Institute,Oct. 1991,,Adobe Document,1
31,Voices Of The Marginalised,Sneha Nagapattinam,General,Social Need Education and Human Awarenesss(Sneha),May 2008,," Issues & Concerns, Reflections",1
32,Sanitation For You & Me,UNDP,Rural Development,"Centre For Education & Documentation, Architecture & Development , UNDP",,,"Issues On Sanitation, Waste, Types of Sanitation Units, Technical Details",1
33,Safe Habitat,Basin,Disasters,Basin,,, Disaster Risk Reduction,1
34,The World Bank In India- Volume 7 Issue 6,The World Bank,General,The World Bank,May 2009,,,1
35,Intermediate Semi-Permanent Shelters,"Vivek Rawal, Rajendra Desai, Rupal Desai",Disasters,Unnati,2008,,"Shelters, Enabling Conditions & Factors",15
36,Earth Buildings Not Requiring Specific Design,Standards Council New Zealand ,Construction,New Zealand Standards Council,Oct.1998,,Earth Buildings,1
37,Building Communities- Not Just Houses,CARE,Disasters,CARE,,,"Partnerships, Communication and Understanding, Housing ",1
38,"The Disaster Management Act,2005",Universal Law Publishing Co. Pvt. Ltd.,,Universal Law Publishing Co. Pvt. Ltd.,2007,,"Disaster, Management,",1
39,1982 New Mexico Uniform Building Code,Construction Industries Division General Construction Bureau,,Construction Industries Division General Construction Bureau,1982,,Building Code,1
40,The Best Laid Business Plans,Paul Barrow,,Virgin  Books Ltd,2001,978 0 7535 0963 0,"Bussiness, Planing",1
41,The National Rural Housing And Habitat Policy For India-2007,Development Alternatives,,Development Alternatives,2007,,"Housing, Policy, India",1
42,People's Participation In Housing Construction: Deriving Lessons From Past Experience,"Mansi Parekh, Vivek Rawal",,"Unpublisher Thesis, School of Architecture, Cept University, Ahmedabad",August 2010,,"Construction, Architecture",1
43,"Assessing Natural Hazard Vulnerability Of Existing Rural Housing Stock (District Porbandar, Gujarat)","Alka Palrecha, Ann Jyothis, Vivek Rawal",,"Unnati, People In Centre",Sept 2010,,"Porbandar, Gujarat",5
44,Swiss Solidarity Funded Tsunami Projects In India An Independent Evaluation,"Vivek Rawal, P.Thamizoli, Nandini Murali",,People In Centre,Nov 2008,,"Tsunami, India",2
45,Design Today- Ishue- March 2010,Not Known,,Not Known,March 2010,,Issue Focus Green Architecture,1
46,Jawaharlal Nehru National Urban Renewal Mission- City Development Plan,"Ahmedabad Municipal Corporation, Ahmedabad Urban Development Authority",,"Ahmedabad Municipal Corporation, Ahmedabad Urban Development Authority",2006-12,,"Development, Ahmedabad",2
47,Rising From The Ashes,"Mary B. anderson, Peter J. Woodrow",,"Westview Press, USESCO",1989,9231026186/0813378281,,1
48,Government Orders Related To Relif & Rehabilitation Of Tsunami Affected Areas & Communities - Vol 2,NCRC,,NCRC,December 2005,,"A Compilation of Government Orders As On December, 2005",1
49,1857 The Great March Meerut To Delhi,Madhukar Upadhyay,,Directorate of Advertising and Visual Publicity,Jan 2008,,"1857, Meerut",1
50,Building Dreams In Mud,Centre of Science For Villages Wardha (India),,Centre of Science For Villages Wardha (India),March 1998,,Low Cost Housing and Sanitation,1
51,Guidelines For Hospital Emergency Preparedness Planning,"GoI ,UNDP",,"GoI ,UNDP",,,Disaster,1
52,Csv At A Glance,Sameer Kurvey,,Centre of Science For Villages,2008,,,1
53,Hunnarshala Foundation Annual Report 2008-09,Hunnarshala,,Hunnarshala,2008-09,,Report,2
54,Building With Bamboob,National Mission On Bamboo Application (Nmba),,National Mission On Bamboo Application (Nmba),2004,,"Building, Bamboo,Construction",1
55,The Bamboo Book,National Mission On Bamboo Application (Nmba),,National Mission On Bamboo Application (Nmba),2004,,"14 Selected Indian Species, Bamboo",1
56,Bamboo Flooring,National Mission On Bamboo Application (Nmba),,National Mission On Bamboo Application (Nmba),2004,,Bamboo,1
57,Bamboo Furniture Components,National Mission On Bamboo Application (Nmba),,National Mission On Bamboo Application (Nmba),2004,,,1
58,Processing Bamboo Shoots,National Mission On Bamboo Application (Nmba),,National Mission On Bamboo Application (Nmba),2004,,Bamboo,1
59,Housing & Urbanisation,Charles Correa,,Urban Design Research Institute,1999,8190112805,"Housing,",1
60,Indian Anthropometric Dimensions,Debkumar Chakrabarti,,National Institute of Design,1997,81 86199 15 0,Anthropometric Dimensions,1
61,Design The Indian Context,H. Kumar Vuas,,National Institute of Design,2000,81 86199 38 1," Historical Rationale ,Indian Design Idiom",1
62,The Good Thebad & The Ugly,Rod Hackney,,Frederick Muller,1972,0 09 173939 X,Cities In Crisis,1
63,Typology And Mapping Of Housing Zones,Minakshi Jain,,NBO Ministry of Urban Development,1992,,Costal Region of Gujarat,1
64,Construction Technology Volume 1,R.Chudley,,English Language Book Society,1973,0 582 40812 1,Construction,1
65,Construction Technology Volume 2,R.Chudley,,English Language Book Society,1974,0 582 40813 x,Construction,1
66,Construction Technology Volume 3,R.Chudley,,English Language Book Society,1976,0 582 40814 8,Construction,1
67,Construction Technology Volume 4,R.Chudley,,English Language Book Society,1977,0 582 40815 6,Construction,1
68,Ancavati,"Banwari, Asha Vohra",,Shri Vinayaka Publication-Delhi,1992,,Indian Approach Environment,1
69,Analysis Of Structures,"V.N.Vazirani, M.M.Ratwani",,Khanna Publishers,1968,,"Analysis Design, Details of Structures",1
70,Advanced Strength Of Materials Problems,Prof.A.G.Patwardhan,,Pune Vidyarthi Griha Prakashan-Poona,1971,,Strength,1
71,Building Construction,Sushil Kumar,,Standard Publishers Distributors,1982,,"Building, Construction",2
72,Mechanics Of Structures Vol-2,S.B.Junnarkar,,Vivek Publication,1968,,Mechine,1
73,Mechanics Of Sructures Vol-1,S.B.Junnarkar,,Charotar Book Stall,1952,,Mechine,1
74,Key Buildings Of The 20th Century Vol-1,David Dunsrer,,The Architectural Press-London,1985,0851398944,Houses 1900-1944,1
75,Moving Technology,Pragya Verma,,Design & Print,Aug-1989,,,1
76,Compressed Earth Blocks Production And Masonry,Hubert Guillaud,,Craterre-Eag,,,"A Training Guide For Masons, Soil, Brick",2
77,Appropriate Building Systems Construction Manual,Alka Palrecha,,"Development Alternatives, New Delhi",,,"Building, Construction",1
78,Building Construction Matric Vol-1,W.B.Mckay,,Orient Longman,1985,,"Brick , Construction",2
79,Building Construction Matric Vol-2,W.B.Mckay,,Orient Longman,1985,,"Brick , Construction",2
80,Building Construction Matric Vol-3,W.B.Mckay,,Orient Longman,1985,,Building Construction,2
81,Building Construction Matric Vol-4,J.K.Mckay,,Orient Longman,1985,,"Brick , Construction",2
82,Participatory Development,"Ponna Wignaraja, Akmal Hussain, Harsh Sethi, Ganeshan Wignaraja",,Unitednations University Press Oxford University Press,1991,0 19 577415 9,Learning From South Asia,1
83,Little Oxford English Dictionary,Oxford University,,Oxford University,1930,0 19 566424 8,Dictionary,1
84,Planet Of Slums,Mike Davis,,Verso-London,2006,978 1 84467 160 1,"Slums,",1
85,Slumming India,Geeta Dewan Verma,,Penguin Books,2002,,A Chronicle of Slums and Their Saviours,1
86,Building With Stabilized Mud,K.S.Jagadish,,I.K.International,2007,978 81 89866 21 1,Mud Construction,2
87,The Corporation,Joel Bakan,,Free Press,2004,0 7432 4744 2," Profit ,Power",1
88,Enabling Shelter Strategies,Un-Habitat,,Un-Habitat,2006,92 1 131767 3,Decades of Implementation,1
89,Transformation Of City: A Study Of Influecing Forces And Its Manifestation In The Built Form,Sneha Aiyer,,Cept University,Aug-2011,,Earthquake,1
90,Vietnamese Water Puppetry,Pham Hoang Hai,,VNA Publishing House,,8 935069 200998,"Water Puppetry, Vietnamese",1
91,Village Architecture In Hanoi: Patterns And Changes,Dinh Quoc Phuong,,Science and Technics Publishing House,2008,978 604 67 0000 5,"Case Study of Bat Trang,A Pottery -Making Village",1
92,Community Center In South Africa,Holcim Foundation,,Holcim Foundation,,9783726600822,"Community, South Africa, Construction",1
93,Proposal For Rural Housing And Development Programme-Ahmedabad District,ASAG,,ASAG,May-1977,,"Rural, Housing",1
94,Manual For Supervisors And Project Staff- Post Tsunami Reconstruction,Benny Kuriakose,,South Indian Federation of Fishermen Societies,Aug 2006,,"Tsunami, Reconstruction",1
95,"Laurie Baker Life, Work, Writings",Gautam Bhatia,,"Viking, HUDCO",,,,1
96,Indian Practical Civil Engineers' Handbook,P.N.Khanna,,Engineers' Publishers,1995,,"Engineers, Indian",1
97,The Urban Housing Manual,"Geoffrey Payne, Michael Majale",,Earthscan,2004,1844071480,"Work For The Poor, Housing",1
98,Manual Of Tropical Housing And Building- Climatic Design Part-1,"O.H.Koenigsberger, T.G.Ingersoll, Alan Mayhew, S.V.Szokolay",,Orient Longman Ltd.,1975,,"Housing, Building",1
99,Engineering Materials,Prof.G.J.Kulkarni,,Star Book Service,1980,,Engineering,1
100,Strengthening Public Accountability,Samuel Paul,,Public Affairs Centre-Banglore,1995,,New Approaches and Mechanisms,1
101,Field Shake Test Program- A Sure Way Of Confidence Building In Quake Resistant Building Technology,"Rajendra Desai, K.S.Jagdish",,Earthquake Safety Initiative,Aug-1999,,Earthquake,1
102,Kosi Calamity : Rehabilitation And Reconstruction Policy,Gove. of Bihar Department of Planning & Development,,Gove. of Bihar Department of Planning & Development,2008,,"Kosi, Reconstruction, Rehabilitation",1
103,Lets Talk About Waste,Architecture & Development,,Architecture & Development,,,Waste,1
104,Disaster Management In India - A Status Report,Gove. of India,,Gove. of India,Aug 2004,,"Disaster, India, Management",1
105,From Budapest To Bishkek: Mapping The Root Of Poverty Housing,Jennifer Duncan,,Habitat For Humanity,,,"Conclusions, Trends, Housing, Europe",1
106,An Experience In Appropriate Technology,"Rajendra Desai, Rupal Desai",,"Rajendra Desai, Rupal Desai",March 1998,,"Sustainable Technologies, Architectural",1
107,Rebuilding After Earthquakes - Lessons From Planners,"George G. Mader, Martha Blair Tyler",,William Spangle & Associates,1990,,"Earthquakes, Rebuilding",1
108,Participatory Planning For Disaster Mitigation,Focus Humanitarian Assistance India,,Focus Humanitarian Assistance India,,,"Disaster, andhrapradesh",1
109,Green Accounting For Indian States Project Monograph-1,"Haripriya Gundimeda, Sanjeev Sanyal, Rajiv Sinha, Pavan Sukhdev",,The Energy and Resources Institute,2005,,Timber Carbon ,1
110,The Timeless Way Of Building,Christopher Alexander,,Oxford University Press,1979,0 19 502248 3,Building,1
111,The Penguin Dictionary Of Architecture,"John Fleming, Hugh Honour, Nikolaus Pevsner",,Penguin Books,1966,,Architecture,1
112,Advances In Building Materials And Construction,"Mohan Rai, M.P.Jagdish",,Central Building Research Institute,1986,,"Building, Construction",1
113,A Pattern Language,Christopher Alexander,,Oxford University Press,1977,,,1
114,Mud,Laurie Baker's,,Costford,1988,,Mud,2
115,Brick Work,Laurie Baker's,,Costford,1988,,Brick,2
116,"Site, Space And Structure",Kim W.todd,,Van Nostrand Reinhold Company- New York,1985,0442283199,"Space, Structure",1
117,"Tsunami Housnig Reconstruction Program Nagapattinam, T.N.",Skat Foundation,,Skat Foundation,Oct 2008,,Social Housing,1
118,Water Water,Architecture & Development,,Architecture & Development,,,An Activity Book For Children,1
119,"You, Me And A Disaster",Architecture & Development,,Architecture & Development,,,An Activity Book For Children,1
120,Seismic Studies On Small Scale Models Of Adobe Houses,"E.Leroy tolles Iii, Helmut Krawinkler",,The John A. Blume Earthquake Engineering Center,Oct.1990,,Engineering,1
121,Adobe Documents-1,Not Known,,Not Known,,,,1
122,Adobe Documents-2,Not Known,,Not Known,,,,1
123,The Seismic Retrofit Of Historic Buildings Conference Workbook 1991,David W. Look,,Western Region of The National Park Service,1991,,Building,1
124,Venubharti,Vinod Kaley,,Aproop Nirman,,,Bamboo,1
125,Development Of A Design And Technology Package For Cost Effective Housing In Gujarat,Taru- New Delhi,,Taru- New Delhi,Sept.97,,"Development, Houses, Gujarat",1
126,Construction Of Stone Masonry Code Of Practice/ Sesmic Evaluation Repair And Strengthening Of Masonry Building-Guidelines/ Improving Earthquake Resistance Of Earthen Building-Guidelines/ Improving Earthquake Resistance Of Low Strength Masonry Building-Guide,Bureau of Indian Standards,,Bureau of Indian Standards,1992/2008/1993/1999,,Rubber Stone Masonry ,1
127,Aao Banaye Surakshit Ghar,SEEDS India,,SEEDS India,,,"House, Construction",1
128,Santal- Jivan & Sanskruti,Satyendrakumar Sinh,,Agreriyan Assistans Association- Dumka,1990,,,1
129,India,Lonely Planet Publications,,Lonely Planet Publications,1981,,Subcontinent,1
130,Disaster Risk Management- Document Series,"UNDP,NDMA",,"UNDP,NDMA",Jan 09,,Disaster,1
131,Consolidate Learning From The Salinity Ingress Prevention Measures Undertaken In The Coastal Area Of Gujarat,"Frank Van Weert, Jeroen Posthumus, Martha Faneca Sanchez",,Ambuja Cement,Nov 09,,"Coastal, Gujarat",2
132,Construction Reference Book 2009,The Gujarat Institute of Civil Engineers & Architects,,The Gujarat Institute of Civil Engineers & Architects,2009,,,1
133,Hand Book Of Professional Document,Council of Architecture- New Delhi,,Council of Architecture- New Delhi,1998,,"Architecture, Hand Book",1
134,Guidelines On How To Undertake A National Campaign For Secure Tenure,Un-Habitat,,Un-Habitat,2003,9211316812,,1
135,Global Campaign For Secure Tenure,Un-Habitat,,Un-Habitat,2004,92 1 131716 9,"Poor, Shelter",1
136,Urbaninfo,Un-Habitat,,Un-Habitat,,,Urbaninfo Database,1
137,Financing Urban Shelter - Global Report On Human Settlements 2005,Un-Habitat,,Un-Habitat,2005,92 1 131756 8,"Human, Urban Development",1
138,How The Poor Build Houses In Rural Gujarat,"Rajendra Desai,  Rupal Desai",,NCPDP,June 1992,,"Poor Build, Houses, Traditional Construction",1
139,Pahadiya-Jivan- Sanskruti & Uthan,Satyendrakumar Sinh,,Agreriyan Assistans Association- Dumka,1998,,,1
140,Building Technology- Leaflets,United Nations,,United Nations,,,"Building, Construction",1
141,How The Other Half Builds,Vikram Bhatt,,Mcgill University,1984,,Building,1
142,Gem Basic Building Taxonomy,"Svetlana Brzev, Charles, andrew Charleson, Kishor Jaiswal",,GEM,Mar 2012,,Building Taxonomy,1
143,Training Modul For Non-Governmental Organisations On Disaster Risk Management,GOI-UNDP,,GOI-UNDP,2002-07,,Disaster,1
144,Bamboo And Cane Crafts Of Northeast India,"M.P.Rajan, Nilam Iyer, Ghanshyam Pandya",,National Institute of Design,1986,,Bamboo,1
145,Working With The Urban Poor A Manual For Trainers,National Institute of Urban Affairs,,National Institute of Urban Affairs,1996,,"Poor, Trainers,Development",1
146,"Network Paper- Volume 2004, Issue 48",Steve Collins,,HPN,Nov'04,,,1
147,"Network Paper- Volume 2004, Issue 49","Courtenay Cabot Venton, Paul Venton",,HPN,Nov'04,,,1
148,"Network Paper- Volume 2005, Issue 50","Degan Ali, Fanta toure, Tilleke Kiewied",,HPN,March 2005,,,1
149,"Network Paper- Volume 2005, Issue 53 Protecting And Assisting Older People In Emergencies",Jo Wells,,HPN,Dec'05,,,1
150,"Network Paper- Volume 2006, Issue 55 Understanding And Addressing Staff Turnover In Humanitarian Agencies","Devid Loquercio, Ben Emmens, Mark Hammersley",,HPN,June 2006,,,1
151,"Network Paper- Volume 2007, Issue 58",Austen Davis,,HPN,March 2007,,,2
152,"Network Paper- Volume 2007, Issue 59",Richard Choularton,,HPN,March 2007,,,2
153,"Network Paper- Volume 2007, Issue 60 Mobile Health Units In Emergency Operations","Stephane Du Mortier, Rudi Coninx",,HPN,June 2007,,,1
154,"Network Paper- Volume 2007, Issue 61 Public Health In Crisisaffected Populations","Francesco Checchi, Michelle Gayer",,HPN,Dec'2007,,,1
155,"Network Paper- Volume 2008, Issue 63 Measuring The Effectiveness Of Supplementary Feeding Programmes In Emergencies","Carlos Navarro Colorado, Frances Mason, Jeremy Shoham",,HPN,Sept'08,,,1
156,"Network Paper- Volume 2009, Issue 66 Solving The Risk Equation",Tanya Boudreau,,HPN,June 2009,,,1
157,Participatory Content Creation For Development,"Jerry Watkins, Jo Tacchi",,United Nations Educational Scientific and Cultural Organization,Feb 2008,9788189218225,Finding Voice Project,1
158,Alice In Bhuleshwar,Kaiwan Mehta,,Yoda Press,2009,,,1
159,Swept Off The Map,"Kalyani Menon Sen , Gautam Bhan",,"Yoda Press, Jagori",2008,9788190618618,Surviving Eviction and Resettlement. Delhi,1
160,Power Of Creativity,L.B.Associates,,L.B.Associates,Dec 2009,,"Heritage, Water, Management, Development",1
161,Don't Tear It Down,Randolph Langenbach,,UNESCO,2009,978 81 89218 20 1,"Earthquake, Architecture, Kashmir",1
162,Socio-Economic Surveys Of Three Villages In Andhra Pradesh,"Vikas Rawal, V.K. Ramachandran, Madhura Swaminathan",,Tulika Books,2010,9788189487676,"andhra Pradesh, Socio-Economic Surveys",1
163,Exploring Masculinity,Kamla Bhasin,,Women Unlimited,2004,,,1
164,What Is Patriarchy?,Kamla Bhasin,,Women Unlimited,2004,,,1
165,Bhopal Gas Tragedy,Suroopa Mukherjee,,Tulika,2002,, Disaster ,1
166,Chawl Improvement / Redevelopment Feasibility Studies,Ahmedabad Study Action Group,,Ahmedabad Study Action Group,,,"Chawl, Feasibility Studies",1
167,Preservation Of Bamboo For Structural Purposes- Code Of Practice,Bureau of Indian Standards,,Bureau of Indian Standards,2006,,Bamboo,1
168,Wood - Bamboo Composite Technologies,K.R.Datye,,Not Known,,,"Bamboo, Wood,",1
169,Bamboo As A Building Material,F.A.Mcclure,,Department of Housing and Urban Development,May 1953,,"Bamboo, Building, Construction",1
170,Bamboo Panel Boards- A State Of The Art Review,International Network For Bamboo and Ratttan,,International Network For Bamboo and Ratttan,1999,,"Bamboo,  Art Review",1
171,The Book Of Bamboo,David Farrelly,,Thames and Hudson,1984,,"Bamboo,",1
172,Bamboo In Construction,"D L Jayanetti, P R Follett",,Trada Technology Limited,1998,,"Bamboo, Construction",1
173,Bamboo In Building Structur,Jules J A Janssen,,Not Known,,,"Bamboo, Building",1
174,Durability And Preservation,Not Known,,Not Known,,,Bamboo,1
175,Report Of The High Level Committee To Examine The Problems Of Salinity Ingress - Along Coastal Areas Of Saurashtra,"Public Works Department, Sachivalaya, Gandhinagar",,"Public Works Department, Sachivalaya, Gandhinagar",Oct-1978,,"Coastal, Soail, Saurashtra, Salinity Ingress",1
176,A Report On Ground Water Status And Efficacy Of S.I.P.Schemes Between Una-Madhavpur Reach,Ground Water Division (S.I.P) Rajkot,,Ground Water Division (S.I.P) Rajkot,May-2000,,"Ground Water, Rajkot",1
177,Doing More For Those Made Homeless By Natural Disasters,Roy Gilbert,,The World Bank,May 2001,,"Disaster,",1
178,Project Proposal For Slum Upgrading For The City Of Ahmedabad Vol-1,Ahmedabad Municipal Corporation,,Ahmedabad Municipal Corporation,Nov. 1984,,"Slum, Ahmedabad Municipal",1
179,A Report On Ground Water Status And Efficacy Of S.I.P.Schemes Between Una-Madhavpur Reach,Ground Water Division (S.I.P) Rajkot,,Ground Water Division (S.I.P) Rajkot,May 2002,,"Ground Water, Rajkot",1
180,A Report On Ground Water Status And Efficacy Of S.I.P.Schemes Between Una-Madhavpur Reach,Ground Water Division (S.I.P) Rajkot,,Ground Water Division (S.I.P) Rajkot,May 2003,,"Ground Water, Rajkot",1
181,Shelter And Settlements,Ahmedabad Study Action Group,,Ahmedabad Study Action Group,2000,,"Housing, Construction",1
182,Reducing Disaster Risk- A Challenge For Development,UNDP,,UNDP,2004,92 1 126160 0,"Disaster, Development",1
183,"Socio Technical Assessment Of Post Tsunami Reconstruction, Tamilnadu",Vivek Rawal,,"Hunnarshala , NCRC",2006,,"Tsunami, Tamilnadu",1
184,Rebuilding Rural Kutchchh- Rehabilitation Through Partnering With People,Vastu-Shilpa Foundation,,Vastu-Shilpa Foundation,,,"Building,",1
185,Women Lead Tsunami Recovery: Sneha Evaluation Oct-2007 South India,"Mihir Bhatt, Ranjani Krishnamurthy",,Not Known,2007,,"Tsunami, South India",1
186,Housing For Tsunami Affected Regions/People,National Institute of Rural Development,,National Institute of Rural Development,2005,,"Housing, Tsunami",1
187,Studies On Understanding Of Salinity Pattern And Establishment Of Monitoring Network In Villages Of Netravati Watershed In Managrol Taluka Dist. Junagadh,"AKRSP ,Arid Communities and Technologies - Bhuj",,"AKRSP ,Arid Communities and Technologies - Bhuj",March 2008,,"Water,",1
188,New Public Management,Pradip N Khandwalla,,Ahmedabad Management Association,2010,,Civil,1
189,Earth Architecture,S.K.Sharma,,HUDCO,Feb 1989,,Architecture,1
190,Building Local Capacities For Disaster Response And Risk Reduction,Annie George,,Bed Roc-Oxfam,2009,,"Disaster Response, Tsunami",1
191,Tiding Over Tsunami Part-2,Government of Tamilnadu,,Government of Tamilnadu,Oct 2008,,"Disaster, Tsunami, South India",1
192,Network Paper,David A Bradt,,HPN,Dec 2009,,Network Paper,1
193,Kosi Floods 2008 - How We Coped! What We Need?,UNDP,,UNDP,Jan 2009,,Kosi Floods,1
194,Bhukamp Pratirodhi Confaind Bhavan Nirman,Svetlana Brzev,,"NICEE, DMMC",July 2012,9 789380 903026,Earthquake,1
195,Vulnerability Atlas Of India 1997,BMTPC,,BMTPC,1999,,"Atlas, India, Maps",1
196,Manual For Restoration And Retrofitting Of Building In Uttarakhand And Himachal Pradesh,"Rupal Desai, Rajendra Desai",,"BMTPC, NCPDP",2010,,"Building, Uttarakhand, H.P. Houses",1
197,"Seismic Evaluation, Repair And Strengthening Of Masonry Buildings-Guidelines",Bureau of Indian Standard,,Bureau of Indian Standard,2008,,*,1
198,Civil Engagement For Urban Development,"Arun Kumar, Alice Morris",,Unnati,2009,,,1
199,Housing For The Urban Poor,Unnati,,Unnati,2009,,"Slum Development, Gujarat, Housing",1
200,People's Voice - Poor Under The Liberalised Economy,"Alice Morris, Binoy Acharya",,Unnati,2001,,"Structural, People's Voice",1
201,The Khasis And Their Natural Environment,Dr. Barnes L. Mawrie Sdb,,Vendrame Institute Publications,2009,81854080043,"Ecological Heritage, Creation",1
202,Building With Earth,Gernot Minke,,Birkhauser,2006,139783764374778,"Building, Earth, Sustainable Architecture",2
203,Small Scale Production Of Lime For Building,John Spiropoulos,,Vieweg & Sohn,1985,3528020164,Developing,1
204,"Principles And Practices Of Grading, Drainage And Road Alignment",Richard K Untermann,,"Reston Publishing Company,Inc",1978,,"Grading Drainage, Road Alignment",1
205,Site Planing For Cluster Housing,"Richard Untermann, Robert Small",,Not Known,1991,,"Housing, Planing, Architeture",1
206,Building A Hazard-Resistant House:A Common Man's Guide,"Rupal Desai, Rajendra Desai",,KW Publisher Pvt Ltd.,2010,81 87966 81 5,,1
207,Technical Building Damage Appraisal,Taru Research & Information Network,,Taru Research & Information Network,Oct-1998,,"Building, Cyclone, Gujarat",1
208,Professional Practice,Roshan Namavati,,Lakhani Book Depot,1988,,"Estimating, Valuation",1
209,Participatory Appraisal Of Natural Resources,Neela Mukherjee,,Concept Publishing Co.- New Delhi,1995,817022618x,Studies In Rural Participation,1
210,Profiling Varying Terrains- Case Studies From Different Eco Zones,South- South Solidarity,,South- South Solidarity,2000,,"South, Flood,",1
211,Displacement Juggernaut - Case Studies From States,Malavika Vartak,,Forum- Delhi,June 2008,,,1
212,Bamboo In Dandakaranya,"Vinod Kaley, Soham Pandya, Mohan Kumar, Sushil Kude, Kishor Mathurkar, Golak Khandual, Vaibhav Kaley",,PPST Foundation,1993,,"Bamboo,",1
213,Better School Buildings With Minimum Resources,Gove. of andhra Pradesh,,Gove. of andhra Pradesh,,,"A.P. Primary Edu. Project Phase Ii, Buildings,",1
214,Building Construction,S.C.Rangwala,,Charotar Publishing House- Anand,1983,,"Building, Counstruction",1
215,Voluntary Agencies And Housing,Madhav Achwal,,UNICEF,1979,,"Housing,",1
216,School Safety,"GoI, Ministry of Home Affairs, National Disaster Management Division",,"GoI, Ministry of Home Affairs, National Disaster Management Division",,,School Safety,1
217,Manufacture Of Modular Bricks,"R.B.Hajela, R.G.Gupta",,Central Building Research Institute-Roorkee,,,Bricks,1
218,The Netherlands In Brief,Astrum B.V,,Astrum B.V,2000,9053282343,,2
219,"Tribal Livelihood Resource Centre, Netrang",Aga Khan Rural Support Programme (AKRSP),,Aga Khan Rural Support Programme (AKRSP),2005,,,1
220,Washcost India,Centre For Economic and Social Studies,,Centre For Economic and Social Studies,,,,1
221,"Building Homes, Hope And Communities Around The Globe",Habitat For Humanity,,Habitat For Humanity,,,"Building, Communities",1
222,Quality Of Drinking Water In India: Highly Neglected At Policy Level – Volume-1 Issue-11,Shital Lodhia,,CFDA,Oct'2006,,"Water,",1
223,"An Outline Integrated Coastal Management Plan For The Digha-Shankarpur Area In W.Bengal, India","Dr. P.B.Rastogi, Aloknath Praharaj, M.Rajeshwar Prasad, Alka Palrecha",,Jadavpur University- Calcutta,2001,,,1
224,Hope & Possibilities,SAVE,,SAVE,2008-09,,,1
225,Glossary For The Gem Basic Building Taxonomy,"Svetlana Brzev, Charles, andrew Charleson, Kishor Jaiswal",,GEM,Mar 2012,,Building Taxonomy,1
226,Kutchna Nagaro Mate Punrvasan Nu Packege,Unnati,,Unnati,2001,,,1
227,State Of Municipalities In Gujarat,Unnati,,Unnati,,,A Participatory Study of Four towns,1
228,Najivi Babato- Makan Ni Salamati Mate,"Rajendra Desai, Rupal Desai",,NCPDP,Jan'2009,,,1
229,Jawaharlal Nehru National Urban Renewal Mission,Government of India,,Government of India,Dec-2005,,,1
230,The World Bank In India – Volume 8 Issue 6,The World Bank,,The World Bank,May 2010,,,1
231,Network Paper,HPN,,HPN,Dec 2010,,,
232,Global Water Intelligence – Volume 10 Issue 11,Media Analytics Ltd,,Media Analytics Ltd,Nov' 2009,,,1
233,Trainer's Guide For Training In Hazard Resistant Construction," Rajendra Desai, Rupal Desai ",,NCPDP,June 2009,,Construction,1
234,"Development In Bihar Overview, Appraisal And Approach",Aga Khan Foundation (India),,Aga Khan Foundation (India),July 2007,,,1
235,Plight Of Urban Poor Housing And Livelihood Problem In Gujarat,Dr. Jalinde Adsule,,Action-aid,,,,1
236,Journal Of The Indian Institute Of Architects- Volume 64 Issue 10 ,Vasant Ranade,,The Indian Institute of Architects,Oct'1999,,,1
237,"Fifth Monitoring Mission Report - Cida Supported Tsunami Projects, India","Vivek Rawal, Thamizoli Perumal",,CIDA,April 2009,,"Tsunami, Disaster,",1
238,Earth Architecture,Ronald Rael,,Princeton Architectural Press,2009,978 1 56898 945 7,"Earth, Architecture",1
239,Impact Of Earthquake Safety Initiatives In Uttarakhand (India),"Dr.Piyoosh Rautela, Shailendra Kumar, Manoj Pande, Kailash Chandra Pande",,Disaster Mitigation and Management Centre,May 2007,,"Earthquake , Uttarakhand, ",2
240,Workshop On Owner Driven Reconstruction And Rehabilitation For Kosi Flood Affected Regions,"Amitabh Sahrma, Neeraj Labh",,Govt. of Bihar- Department of Planning and Development,Dec 2008,,,1
241,Reference Material- Owner Driven Reconstruction: Towards A Policy Framework,National Conference On Owner Driven Reconstruction,,National Conference On Owner Driven Reconstruction,2009,,,1
242,Guidelines For Earthquake Resistance Non-Engineered Construction,"NICEE, Indian Institute of Technology Kanpur",,"NICEE, Indian Institute of Technology Kanpur",2004,,"Building, Houses, Construction, Earthquake",1
243,"Seismic Conceptual Design Of Buildings- Basic Principles For Engineers, Architects, Building Owners And Authorities",Hugo Bachmann,,Not Known,2003,,"Building, Architects, Engineers",1
244,Structure As Architecture,Andrew W Charleson,,Elsevier,2005,0 7506 6527 0,"Structure, Architect",1
245,A Manual Of Earthquake Resistant Non-Engineered Construction,Indian Society of Earthquake Technology- Roorkee,,Indian Society of Earthquake Technology- Roorkee,1989,,"Earthquake, Housing",1
246,Planning For The Reconstruction Of The Kosi Flood Affected Area,"Govt. of Bihar, UNDP",,"Govt. of Bihar, UNDP",Jan'2010,,"Flood, Construction",1
247,Geology Of Gujarat,S.S.Merh,,Geological Society of India,1995,8185867143,"Gujarat,",1
248,"Sustainable Reconstruction Initiative In Karaikal, Pondicherry, India",Development Alternatives,,Development Alternatives,Oct 2008,,"Reconstruction, Karaikal",1
249,Water Resource Management In Junagadh,Ambuja Cement Foundation,,Ambuja Cement Foundation,March 2009,,"Water, Junagadh",1
250,Earthquakes -Forecasting & Mitigation,H.N. Srivastava,,"National Book Trust, India",1983,978 81 237 4262 5,Earthquakes,1
251,Earthquakes,A.K.R.Hemmady,,"National Book Trust, India",1996,81 237 2005 X,Earthquakes,1
252,Coastal Hazards,H.N.Srivastava,,"National Book Trust, India",2009,978 81 237 5452 9,"Cyclones, Tsunamis, Other Disasters",1
253,The Bamboo Book,National Mission On Bamboo Applications,,National Mission On Bamboo Applications,2005,,"19 Selected Indian Species, Bamboo",1
254,Earth As A Building Material For Housing,Ahmedabad Study Action Group,,Ahmedabad Study Action Group,,,"Housing, Valod,",2
255,Synopsis,Indubhai Parekh School of Architecture- Rajkot,,Indubhai Parekh School of Architecture- Rajkot,,,Study Report,1
256,Rural House Plans,Laurie Baker,,COSTFORD,March 2002,,"Houses, Rural",1
257,Rubbish,Laurie Baker,,COSTFORD,,,Houses,1
258,Rural Community Building,Laurie Baker,,COSTFORD,1997,,"Houses, Rural",1
259,Design Manual For A Barrier- Free Built Environment,"Sweta Byahut, Anand Patel, Amit Sheth, Arindam Mitra, Rajesh Moothan",,Unnati,Dec 2004,,Design Manual,1
260,Housing By People,John F.C.Turner,,Marion Boyars- Londan,1976,0 7145 2568 5,"Housing, People, Building",1
261,Cementitious Binder From Waste Lime Sludge And Risk Husk- Volume 59 Issue 1,"Central Building Research Institute, Roorkee (Up) India",,"Central Building Research Institute, Roorkee (Up) India",,,"Housing, Building",1
262,Silicate Based Water Proofing Formulations For Buildings - Volume 52 Issue 1,"Central Building Research Institute, Roorkee (Up) India",,"Central Building Research Institute, Roorkee (Up) India",,,"Housing, Building",1
263,Houses How To Reduce Building Costs,Laurie Baker's,,Costford,1986,,"Housing, People, Building",1
264,Humanitarian Exchange 28,HPN,,HPN,Nov 2004,,,1
265,Humanitarian Exchange 29,HPN,,HPN,March 2005,,,1
266,Humanitarian Exchange 31,HPN,,HPN,Sept 2005,,,1
267,Humanitarian Exchange 32,HPN,,HPN,Dec 2005,,,1
268,Humanitarian Exchange 33,HPN,,HPN,March 2006,,,1
269,Humanitarian Exchange 34,HPN,,HPN,June 2006,,,1
270,Humanitarian Exchange 37,HPN,,HPN,March 2007,,,2
271,Humanitarian Exchange 38,HPN,,HPN,June 2007,,,1
272,Humanitarian Exchange 39,HPN,,HPN,June 2008,,,1
273,Humanitarian Exchange 40,HPN,,HPN,Sept 2008,,,1
274,Humanitarian Exchange 43,HPN,,HPN,June 2009,,,1
275,Humanitarian Exchange 45,HPN,,HPN,Dec 2009,,,1
276,Humanitarian Exchange 46,HPN,,HPN,March 2010,,,1
277,Humanitarian Exchange 47,HPN,,HPN,June 2010,,,1
278,Humanitarian Exchange 68  Safety With Dignity,HPN,,HPN,March 2010,,Network Paper,1
279,The World Bank In India – Volume 7 Issue 3,The World Bank,,The World Bank,Nov 2008,,,1
280,Road Map Of Srilanka,Survey Department,,Survey Department,,,"Maps, Srilanka",1
281,Humanitarian Exchange 48,HPN,,HPN,Oct 2010,,,1
282,Bhutan A Sketchbook,Doug Patterson,,The Tarayana Foundation,2009,978 99936 634 4 7,Bhutan,1
283,Vernacular Housing In Seismic Zones Of India,"Intertect, University of New Mexico",,"Intertect, University of New Mexico",,,Building,1
284,Guidelines For Cyclone Resistant Construction Of Buildings In Gujarat,GSDMA,,GSDMA,Dec 2001,,"Cyclone, Building",1
285,Towards A Sustainable Tomorrow: New Agenda For Business,"UNEP, UNFCC",,"UNEP, UNFCC",March 2010,,Workshop,1
286,Building Resilient Communities,CORDAID,,CORDAID,2007,1 930261 17 9,"Business, Community, Disaster",1
287,Rural West Bengal Block-Wise Maping Of Selected Indicators,"Vikas Rawal, V.K.Ramchandran, Mathura Swaminathan",,Not Known,,,"Maps,West Bengal",1
288,"Repair, Restoration And Retrofitting Of Masonry Building In Kuchchh Earthquake Affected Areas Of Gujarat",GSDMA,,GSDMA,March 2002,,"Earthquake, Gujarat",1
289,Engineering Design Of Earth Buildings,Standards New Zealand,,Standards New Zealand,1998,,"Buildings, Design",1
290,Materials And Workmanship For Earth Buildings,Standards New Zealand,,Standards New Zealand,1998,,"Buildings, Design",1
291,Stri Jivan Ka Sangharsha: Prachin Kal Se Bhakti Aandolan Tak- Part-1,Trupti Shah,,Unnati,2009,,Nari Aandolan Ka Itihas Part-1,1
292,Stri Samanta Aur Matadhikar Vishwa Me Nari Aandolan,Trupti Shah,,Unnati,2009,,Nari Aandolan Ka Itihas Part-2,1
293,Samajik Sudhar Aur Swatantrata Aandolan Me Striya,Trupti Shah,,Unnati,2009,,Nari Aandolan Ka Itihas Part-3,1
294,Vavazodu- Margdarshika,GSDMA,,GSDMA,April 2005,,Syclone,1
295,Shu Tamaru Ghar Aag Thi Salamat Chhe? -Margdarshan,GSDMA,,GSDMA,Aug 2004,,,1
296,Poor,GSDMA,,GSDMA,2004,,,1
297,Sunami,GSDMA,,GSDMA,,,,1
298,Aag- Ghar Ma Suraksha,GSDMA,,GSDMA,,,,1
299,Impact Of Sea Level Rise Due To Greenhouse Effect : Gujarat Coast,"N.D.Desai, P.K.Patel, P.P.Patel, K.C.Tiwari",,"Department of Geology, Vadodara",1992,,"Coastal, Gujarat",1
300,Vavazoda Same Purva Taiyari Ane Suraksha,GSDMA,,GSDMA,,,,1
301,Bhukamp,GSDMA,,GSDMA,,,,1
302,Audhyogik Aafato,GSDMA,,GSDMA,,,,1
303,Poor Mate Suraksha,GSDMA,,GSDMA,,,,1
304,Vijali- Suraksha Ane Salamati,GSDMA,,GSDMA,,,,1
305,Swayam Sevak Sha Mate?,GSDMA,,GSDMA,,,,1
306,Shodh Ane Bachav Tukdi Mateni Karya Paddhatio,GSDMA,,GSDMA,,,,1
307,Aagotari Chetavani Tatha Sandesha Vyavhar,GSDMA,,GSDMA,,,,1
308,Aatlu To Jarur Karo,GSDMA,,GSDMA,,,,1
309,Kardio Palmonary Risasiteshan (C.P.R),GSDMA,,GSDMA,,,,1
310,Technical Guidelines For Brick Based Construction Part-1,"Vivek Rawal, Kiran, Sandeep, Vinodkumar, B.M.Singh, Barun, Dr.Anand",,Bihar Aapada Punarwas Evam Punarnirman Society,2010,,"Gove. of Bihar, Brick",6
311,Technical Guidelines For Bamboo Based Construction Part-II,"Vivek, Kiran, Sandeep, Vinodkumar, B.M.Singh, Barun, Dr.Anand",,Bihar Aapada Punarwas Evam Punarnirman Society,2010,,"Gove. of Bihar, Bamboo",6
312,"Summary Report- Regional Construction Gandhidham, July 16-18,2008",Vivek Rawal,,ODR- Collaborative Secretariat,2010,,,1
313,"Summary Report- Workshop On Owner Driven Reconstruction And Rehabilitation For Kosi Flood Affected Regions, Patna ,Bihar, Dec 16-19,2008",Vivek Rawal,,ODR- Collaborative Secretariat,2010,,,2
314,"Summary Report- National Conference, New Delhi, Jan 20-21,2008",Vivek Rawal,,ODR- Collaborative Secretariat,2010,,,1
315,Nirman Margdarshika Part-1 (Makan Ke Prakar),Bihar Aapada Punarwas Evam Punarnirman Society,,Bihar Aapada Punarwas Evam Punarnirman Society,,,,4
316,Nirman Margdarshika Part-2 (Bans Ki Diwar Ke Sath Drichhatiya Ghar),Bihar Aapada Punarwas Evam Punarnirman Society,,Bihar Aapada Punarwas Evam Punarnirman Society,,,,4
317,Nirman Margdarshika Part-3 (Int Ki Diwar Ke  Sath Drichhatiya Ghar),Bihar Aapada Punarwas Evam Punarnirman Society,,Bihar Aapada Punarwas Evam Punarnirman Society,,,,4
318,Nirman Margdarshika Part-4 (Int Ki Diwar Ke  Upar Rcc Ichhat Ke Ghar),Bihar Aapada Punarwas Evam Punarnirman Society,,Bihar Aapada Punarwas Evam Punarnirman Society,,,,4
319,Survey Of Damage To Historic Adobe Buildings After The January 1994 Northridge Earthquake,"E.Leroy tolles, Frederick A Webster,  Anthony Crosby, Edna E Kimbro",,The Getty Conservation Institute- Los Angeles,1996,0 89236 391 6,Building,2
320,Artisan And The Craft,"Sankalp, Tejas Patel",,Not Known,,,"Kosi Region, Building",1
321,Humanitarian Exchange - Volume Jan 2011 Issue 49,HPN,,HPN,Jan 2011,,,1
322,Network Paper - Volume Jan 2011 Issue 69,"Richard Garfield, Wirth Courtney Blake",,HPN,Jan 2011,,,1
323,"Safar Homes, Stronger Communities",Abhas K. Jha,,The World Bank,2010,978 0 8213 8045 1,Disasters,1
324,Water First,Kuntala Lahiri-Dutt & Robert J. Wasson,,Sage Publications,2008,978 0 7619 3625 1,Issues and Challenges For Nations ,1
325,"The Gujarat State Disaster Management Act,2003",GSDMA,,GSDMA,,,,2
326,Gujarat State Disaster Management Policy,GSDMA,,GSDMA,,,,2
327,Kutch Rehabilitation,GSDMA,,GSDMA,,,Story of Human Resilience and Endeavour,2
328,Street Vendors In Ahmedabad,Prof.K.S.Naglakar,,"School of Planing, CEPT, A'bad",,,Street Vendor,1
329,Panchwati,Banwari,,Shri Vinayaka Publications- Delhi,1992,81 85810 00 1,,1
330,Iic Agrarian Crisis And Farmers' Suicide,P.Sainath,,India International Centre-  Delhi,,,,1
331,Mausam Parivartan: Nishanatoni Najare,"Paryavaran Mitra, Jan Vikas",,"Paryavaran Mitra, Jan Vikas",Jan 2010,,,1
332,Building Pri Capacities For Disaster Preparedness And Management- A Training Manual,Lalatendu Rath,,UNDP,,,Disaster,1
333,Mainstreaming Disability In Disaster Management,Asha Huns,,UNDP,,,Disaster,1
334,The World Bank In India- Volume 9 Issue 8,The World Bank,,The World Bank,May 2011,,,1
335,Network Paper -Volume 11 Issue 1,"Paul Harvey, Sarah Bailey",,HPN,2011,9781907288388,Good Practice Review,1
336,Global Water Intelligence- Volume 12 Issue 5,Christopher Gasson,,Christopher Gasson,May 2011,,Water,1
337,Humanitarian Exchange- Volume April 2011 Issue 50,HPN,,HPN,April 2011,,,1
338,Rebuilding Bhachau,Unnati,,Unnati,April 2002,,"Building, Bhachau",1
339,Building Our Own Houses,Actionaid,,Actionaid,,,,3
340,"Permanent Housing Reconstruction In The Andaman & Nicobar Islands, India",Actionaid,,Actionaid,,,,4
341,Bhachau Sahbhagi Nagar Aayojan,Unnati,,Unnati,,,,1
342,Participatory Town Planing In Bhachau,Unnati,,Unnati,,,,2
343,Earthquake Scenario,National Society For Earthquake Technology-Nepal (NEST),,National Society For Earthquake Technology-Nepal (NEST),Jan-2004,,Earthquake,1
344,Bhukamp Pratirodhi Bhavan Nirman Nirdeshika,National Society For Earthquake Technology-Nepal (NEST),,National Society For Earthquake Technology-Nepal (NEST),Bhadra-2061,,Earthquake,1
345,Safar Society - Annual Report 2008,National Society For Earthquake Technology-Nepal (NEST),,National Society For Earthquake Technology-Nepal (NEST),June 2009,,Earthquake,1
346,Earthquakes- A Manual For Designers  And Builders,"Jitendra Bothara, Ramesh Guragain, Amod Dixit",,National Society For Earthquake Technology-Nepal (NEST),2002,,"Earthquake, Manual",1
347,Non-Structural Vulnerability Assessment Of Hospitals In Nepal,"Ramesh Guragain, Bishnu Hari Pandey, Surya Narayan, Yadab Dhakal, Ramchandra",,National Society For Earthquake Technology-Nepal (NEST),Dec-2003,,Earthquake,1
348,Earthquake Resistant Construction Of Buildings - Curriculum For Mason Training,"Suryanarayan, Surya Prasad, Ramchandra, Bijay Upadhyay, Jitendra Bothara",,National Society For Earthquake Technology-Nepal (NEST),Feb-2005,,Earthquake,1
349,"Symposium On Seismology, Earthquake Hazard Assessment And Risk Management",Amod Mani Dixit,,National Society For Earthquake Technology-Nepal (NEST),Oct-2004,,Earthquake,1
350,Seismic Vulnerability Evaluation Guideline For Private And Public Builder,Earthquake Risk Reduction and Recovery Preparedness Programme For Nepal,,Earthquake Risk Reduction and Recovery Preparedness Programme For Nepal,May-2011,978 9937 8453 4 2,Earthquake,1
351,Documentation Of Indigenous Knowledge And Technologies For Safer Buildings,Earthquake Risk Reduction and Recovery Preparedness Programme For Nepal,,Earthquake Risk Reduction and Recovery Preparedness Programme For Nepal,May-2011,978 9937 8453 6 6,"Earthquake, Buildings",1
352,Guidelines For Mason Training On Earthquake Resistant Construction Of Buildings,Earthquake Risk Reduction and Recovery Preparedness Programme For Nepal,,Earthquake Risk Reduction and Recovery Preparedness Programme For Nepal,May-2011,978 9937 8453 3 5,"Earthquake, Buildings",1
353,Recovery Principles And Guidelines,Earthquake Risk Reduction and Recovery Preparedness Programme For Nepal,,Earthquake Risk Reduction and Recovery Preparedness Programme For Nepal,May-2011,978 9937 8453 5 9,"Earthquake, Buildings",1
354,Engineers' Training On Earthquake Resistant Design Of Buildings- Volume I:Seismicity And Design Aspects,Earthquake Risk Reduction and Recovery Preparedness Programme For Nepal,,Earthquake Risk Reduction and Recovery Preparedness Programme For Nepal,May-2011,978 9937 8453 0 4,"Earthquake, Buildings",1
355,Engineers' Training On Earthquake Resistant Design Of Buildings- Volume Ii : Computer Aided Design,Earthquake Risk Reduction and Recovery Preparedness Programme For Nepal,,Earthquake Risk Reduction and Recovery Preparedness Programme For Nepal,May-2011,978 9937 8453 1 1,"Earthquake, Buildings",1
356,Illustrated Guideline For Construction Of Earthquake Safe Residential Building,Earthquake Risk Reduction and Recovery Preparedness Programme For Nepal,,Earthquake Risk Reduction and Recovery Preparedness Programme For Nepal,Dec-2010,,"Earthquake, Buildings",1
357,Technical Guidelines & Information For Stone Construction In Uttarakhand,"Rajendra Desai, Rupal Desai,",,"Disaster Mitigation and Management Center, Dehradun",Dec 2012,,Stone Construction,1
358,Guidelines For Incorporating Earthquake Safety Measures In Repair And Maintenance Of Buildings With Historical/Archeological Importance,"Ramesh Guragain, Amod Dixit",,National Society For Earthquake Technology-Nepal (NSET),,,"Earthquake, Buildings",1
359,"Report On Impact Of Sattlement Pattern, Landuse Practice And Options In High Risk Areas -Pokhara Sub Metropolitan City- Final Report",Earthquake Risk Reduction and Recovery Preparedness Programme For Nepal- UNDP,,Earthquake Risk Reduction and Recovery Preparedness Programme For Nepal- UNDP,July 2009,,"Earthquake, Buildings",1
360,Earthquake Vulnerability Profile And Preparedness Plan,Earthquake Risk Reduction and Recovery Preparedness Programme For Nepal- UNDP,,Earthquake Risk Reduction and Recovery Preparedness Programme For Nepal- UNDP,July 2009,,"Earthquake, Buildings",1
361,Recommendation For Update Of Nepal National Building Code- Revised Final Report,Earthquake Risk Reduction and Recovery Preparedness Programme For Nepal- UNDP,,Earthquake Risk Reduction and Recovery Preparedness Programme For Nepal- UNDP,,,"Earthquake, Buildings",1
362,Report On Earthquake Vulnerability Of Mobile Towers And Associated Structures In Kathmandu Valley,Earthquake Risk Reduction and Recovery Preparedness Programme For Nepal- UNDP,,Earthquake Risk Reduction and Recovery Preparedness Programme For Nepal- UNDP,,,"Earthquake, Buildings, Mobile tower",1
363,Earthquake Vulnerability Profile And Preparedness Plan- Final Report July 2009,Earthquake Risk Reduction and Recovery Preparedness Programme For Nepal- UNDP,,Earthquake Risk Reduction and Recovery Preparedness Programme For Nepal- UNDP,Jan 2010,,"Earthquake, Buildings",1
364,"Report On Impact Of Sattlement Pattern, Landuse Practice And Options In High Risk Areas -Hetauda Municipality- Final Report",Earthquake Risk Reduction and Recovery Preparedness Programme For Nepal- UNDP,,Earthquake Risk Reduction and Recovery Preparedness Programme For Nepal- UNDP,July 2009,,"Earthquake, Buildings",1
365,Guideline On Seismic Vulnerability Evaluation And Retrofit Design Of Buildings In Bhutan,"National Society For Earthquake Technology-Nepal (NEST) , SQCA",,"National Society For Earthquake Technology-Nepal (NEST) , SQCA",,,"Buildings, Design",1
366,Guidelines: Selection And Employment Of Consultants By World Bank Borrowers,Not Known,,Not Known,May 2004,,Construction,1
367,Guidelines For Preparing School Disaster Management Plan,"Disaster Management Division Ministry of Home, Cultural Affairs Royal Govt. of Bhutan",,"Disaster Management Division Ministry of Home, Cultural Affairs Royal Govt. of Bhutan",,,Disaster,1
368,Emergency  Safety And First Aid Handbook,"Disaster Management Division Ministry of Home, Cultural Affairs Royal Govt. of Bhutan",,"Disaster Management Division Ministry of Home, Cultural Affairs Royal Govt. of Bhutan",2009,,First Aid Handbook,1
369,Displacement Juggernaut - Case Studies From States,Malavika Vartak,,Forum- Delhi,June 2008,,Case Studies,1
370,Vikas Niyojan Aevam Bhumi Adhigrahan: Sangharsh Ka Drastikon,Forum- Delhi,,Forum- Delhi,May 2011,,Case Studies,1
371,A Tutorial: Improving The Seismic Performance Of Stone Masonry Buildings,"Jitendra Bothara, Svetlana Brzev",,"EERI, NICEE",Jan2012,,Building,1
372,Earthquake Design Concepts,"C.V.R.Murty, Andrew W.Charleson",,NICEE,2006,978 81 906130 8 8,Earthquake,1
373,Proceedings Of The International Conference On Disaster Management And Cultural Heritage,"Policy & Planing Division, Royal Govt. of Bhutan",,"Policy & Planing Division, Royal Govt. of Bhutan","12-14 Dec,2010",,Bhutan,1
374,Street Vendor's Policy For Ahmedabad City- Final Report,Cept University,,Cept University,,,Final Report,1
375,Humanitarian Exchange- Volume July 2011 Issue 51,HPN,,HPN,July 2011,,,1
376,"Down To Earth -1-15 Oct, 2011",Society For Environmental Communications,,Society For Environmental Communications,Oct 2011,,On Wildlife,1
377,"Down To Earth- 16-31 Oct, 2011",Society For Environmental Communications,,Society For Environmental Communications,Oct 2011,,Antibiotic Trap,1
378,Parivartan Na Panthe Adim Jutho,Aga Khan,,Aga Khan,2011,,,1
379,Economic & Political Weekly,Sameeksha Trust Publication,,Sameeksha Trust Publication,2010,,,1
380,Economic & Political Weekly,Sameeksha Trust Publication,,Sameeksha Trust Publication,2010,,,1
381,Earth Sheltered Housing Design,Van Nostrand Reinhold Company,,Van Nostrand Reinhold Company,,,"Construction, Guidelines, Examples",1
382,"Coastal Salinity In Gujarat State-Problems, Responses And Mitigation Measures- With Special Reference To South Sourastra Coast",Not Known,,Not Known,,,,1
383,Building Detailing And Fixtures,"Central Building Research Institute, Roorkee",,Central Building Research Institute- Roorkee,,,,1
384,The World Bank In India- Volume 10 Issue 2,The World Bank,,The World Bank,Sept 2011,,,1
385,A Compendium On Disaster Risk Management,"GoI, UNDP",,"GoI, UNDP",2002-07,,Disaster,1
386,Gunvatta Vardhak Ane Aapatti Pratirodhak Bandhkamni Margdarshika,"Rajendra Desai, Rupal Desai",,NCPDP,Sept 2011,,,1
387,Local Level Risk Management,"NDMA, Ministry of Home Affairs, Government of India",,"NDMA, Ministry of Home Affairs, Government of India",2002-07,,Disaster,1
388,Disaster Management In India,"Ministry of Home Affairs, Government of India",,"Ministry of Home Affairs, Government of India",2011,,Disaster,1
389,International Workshop On Adapting Rural Livelihoods To Climate Change,Institute of Rural Management Anand (IRMA),,Institute of Rural Management Anand (IRMA),Feb 14-15 2012,,,1
390,National Disaster Risk Management Framework,Disaster Management Division,,Disaster Management Division,,,Bhutan,1
391,Tentative Programme To Conduct Training Workshop And Mock Drill Exercise In Samdrup Jongkhar,Disaster Management Division,,Disaster Management Division,,,,1
392,"Progress Report Of Akrsp (I)'S Services Unit, 2008-11",AKRSP,,AKRSP,2011,,Vadvai,1
393,"Disaster Management Bill Of The Kingdom Of Bhutan,2011",Disaster Management Division,,Disaster Management Division,,,,1
394,SPBD Construction Guide,SPBD,,SPBD,May 2010,,Construction,1
395,Manufacture Of Lime And Lime Products,N.G.Dave,,Central Building Research Institute- Roorkee,1985,,Lime,1
396,Alternative Building Materials And Technologies,"K.S.Jagadish, B.V.Venkatarama Reddy, K.S.Nanjunda Rao",,New Age International Publishers,2007,81 224 2037 0,"Building, Architect",2
397,Tribal Architecture In India,Dr.O.P.Joshi,,Gujarat Vidyapeeth- Ahmedabad,2010,978 81 89854 38 6,"Architecture, India",1
398,Shu Tamaru Ghar Aag Thi Salamat Chhe?,GSDMA,,GSDMA,2004,,Aag,1
399,Vidhantantra Aam Aadmini Najare,"Gujarat Social Watch, Paryavaran Mitra",,"Gujarat Social Watch, Paryavaran Mitra",Feb 2012,,,2
400,Consultations With The Poor Participatory Poverty Assessment In Gujarat,"Indra Hirway, Basanta Sahu, Shital Lodhia",,CFDA,Feb 2002,,Gujarat,1
401,Coastal Marine Environment Of Gujarat,Pranav Desai,,Gujarat Ecological Society- Vadodara,March 1999,,Saurashtra Coast Report-Iii,1
402,"Liberalisation, Globalisation And Industrialisation","Indira Hirway, Amita Shah",,Oxfam,Oct 1997,,Conflict and Resolution ,1
403,Coastal Marine Environment Of Gujarat,Gujarat Ecological Society- Vadodara,,Gujarat Ecological Society- Vadodara,Aug 1997,,Gulf of Kuchchh Report-I,1
404,Coastal Marine Environment Of Gujarat,"R.Sen Gupta, Geetanjali Deshmukhe",,Gujarat Ecological Society- Vadodara,April 2000,,Ecology and Economics,1
405,Dariya Kinara Sanvad Yatra,"Pankti Jog, Mital Patel",,Janpath,Dec 2006,,"Aheval,",1
406,Status Of Drinking Water In Coastal Saurashtra Need For Area Specific Approach,"Indira Hirway, Subhrangsu Goswami",,CFDA,March 2006,,"Rajkot, Coastal",1
407,Baseline Survey For The Scale Programme Of AKRSP(I),Shital Lodhia,,CFDA,March 2004,,Interim Report,1
408,Arresting Salinity And Protecting Livelihoods In Coastal Areas,Shilpa Vasavada,,Gramya Vikas Trust- Dwarka,2010/11,,"Dwarka, Salinity",1
409,Combating Drought:Asuccess Story From Rajasthan,Ashok Gopal,,"ICEF,BDRF",2003,,,1
410,Gujarat Na Dariya Kanthana Savalo- Prasar Madhyamoma,Pankti Jog,,Janpath,Dec 2006,,"Gujarat, Salinity",1
411,Dariya Kinara Na Savalo,Pankti Jog,,Janpath,Sept 2011,,"Gujarat, Salinity",1
412,From Hariyali To Neeranchal,"Department of Land Resources, Ministry of Rural Development",,"Department of Land Resources, Ministry of Rural Development",Jan 2006,,Report of Thetechnical Committee,1
413,Gujarat Coastal Salinity Prevention & Mitigation Initiative Mundra-Kutch,Shree Vivekanand Research & Training Institute- Mandvi,,Shree Vivekanand Research & Training Institute- Mandvi,2003,,Salinity,1
414,Level Three Leadership,James G.Clawson,,Prentice Hall,2012,0 13 255641 3,,1
415,Training On Housing Stock Vulnerability Assessment Framework,"Unnati, People In Centre",,"Unnati, People In Centre",2011,,"Bhachau, Dec 8 to Dec 12,2011",2
416,"The Impect Of Akrsp Work In The Meghal River Basin, Junagadh:A Socio-Technical Analysis","Shilp Verma, Niraj Joshi, Sunderrajan Krishnan",,AKRSP,Dec 2011,,"Junagadh,",2
417,Studies On Understanding Of Salinity Pattern And Establishment Of Monitoring Network In Villages Of Netravati Watershed In Mangrol Taluka District-Junagadh,AKRSP,,AKRSP,Aug 2006,,Interim Report,1
418,Samasya Yukt Jamin Piyat Pani Ane Teni Vyavastha Ange Talim V Charcha Parisanvad,Gujarat Krushi University- Junagadh,,Gujarat Krushi University- Junagadh,1999,,,1
419,A Study On Status Of Natural Resources In Coastal Areas Of Gujarat,"Nafisha Barot, Modini Shinivas, Kaushik Rawal, Naishadh Shukla, Dinesh Pateliya, Dinesh Pandya",,Utthan- Ahmedabad,1995,,,1
420,Pani Samiti Aetle Shu?,AKRSP,,AKRSP,,,"Water, Gadu, Gujarat",1
421,Status Paper On Salinity Ingress Prevention In The Coastal Areas Of Gujarat,AKRSP,,AKRSP,,,"Coastal, Gujarat",1
422,Stories Worth Regarding …2005,V K Jogal,,AKRSP,,,,1
423,Sathnini Jamin Ange Surendranagar Jillana Sayla Taluka Na Gamo No Abhyas,Hetal Chauhan,,CFDA,,,"Sayla, Land, Gujarat",1
424,"M.A. Ecology, Environment And Sustainable Development (EESD)",EESD,,EESD,,,Cousre,1
425,Baseline Study For Kvy-3 Programme,Alka Palrecha,,People In Centre,Feb 2012,,"Salinity, Gujarat",1
426,Stories Worth Regarding …2006,V K Jogal,,AKRSP,,,,1
427,Stories Worth Regarding …2007,V K Jogal,,AKRSP,,,,1
428,Seismic Design For Architects_ Outwritting The Quake,Andrew Charleson,,Elsevier,2008,978-0-7506-8550-4,"Architects,",1
429,Tourist Guide-Guwahati,Manoj Jain,,Gbd's Publishers- Kolkata,2012,,"Maps, Assam",1
430,Bamboo Building Essentials,"Darrel Deboer, Megan Groth",,Not Known,2010,0982756003,Bamboo,1
431,A Tutorial: Improving The Seismic Performance Of Stone Masonry Buildings,"Jitendra Bothara, Svetlana Brzev",,EERI,Jan 2012,9789380903026,"Stone, Building",1
432,Cities And Flooding,"Abhas Jha, Robin Bloch, Jessica Lamond",,"The World Bank, GFDRR",2012,9780821388662,"Flood,",1
433,Training Course On Stabilised Rammed Earth Construction- Learning Resources & Reference Material,People In Centre,,"People In Centre, Hunnarshala",2013,,"Rammed, Construction",2
434,Development' Versus People:Gujarat Model Of Land Acquisition And People's Voices,"BSC, Act!Onaid",,"BSC, Act!Onaid",April 2012,,"Gujarat, Development",2
435,Flood Hazard Atlas For Assam State,ASDMA,,ASDMA,July 2011,,"Maps, Assam",1
436,Contributions Of Earthquake Engineering,"Thomas Holzer, Thomas D. O'rourke, Christopher Rojahn, Kathleen Tierney",,EERI,Aug 2008,,Earthquake,1
437,Ethical Issues And Earthquake Risk Reduction,EERI,,EERI,1998,0943198615,Earthquake,1
438,Technical Bid For The Design And Implementation Of Training On Different Aspects Of Disaster Management In Assam,Tata Institute of Social Sciences (TISS),,Tata Institute of Social Sciences (TISS),May 2011,,"Disaster, Assam",1
439,Spatial Patterns Of Water Harvesting And Their Impact On The Agrarian Economy Of Saurashtra,"Alka Palrecha, Shilp Verma",,IWMI,2011,,"Saurashtra, Water",1
440,Water,Paul L Younger,,Planetearth,2012,978 1 4441 5681 2,Water,1
441,Environmental Public Hearing,Mahesh Pandya,,Paryavaran Mitra,June 2003,,Environment,1
442,Office Building In India,Hans-Rudolf Schalcher,,Holcim Foundation,2008,978 3 7266 0083 9,Bulding,1
443,Chhoti Chhoti Bate,"Rajendra Desai, Rupal Desai",,NCPDP,Jan 2009,,"Building,",1
444,Training For Rural Development:Agricultural And Enterprise Skill For Women Smallholders-Summary Report,"Kathleen Collett, Chris Gale",,C city & Guides Centre For Skills Development,,,Summary Report,1
445,Whose Reality Counts?,Robert Chambers,,Intermediate Technology Publications,1997,1 85339 386 X,Reality,1
446,Baseline Study Of Kvy-3 Programme Villages,Alka Palrecha,,"People In Centre, AKRSP",Feb 2012,,"Salinity, Gujarat",1
447,Cover To Reinforced Concrete,Ambuja Cement,,Ambuja Cement,Oct 1999,,Construction,1
448,Selection Of Consultants,"The World Bank- Washington,Dc",,"The World Bank- Washington,Dc",Dec-2008,,,1
449,Towards A Safer India,Sugandh Sharma,,Education In Disaster Management,2012,,,1
450,Vidhantantra Aam Aadmini Najare- 8 Mu Satra,"Gujarat Social Watch, Paryavaran Mitra",,"Gujarat Social Watch, Paryavaran Mitra",Feb 2012,,,1
451,Vidhantantra Aam Aadmini Najare- 10 Mu Satra,"Gujarat Social Watch, Paryavaran Mitra",,"Gujarat Social Watch, Paryavaran Mitra",Nov 12,,,1
452,Plastic Composite Materials,"R.K.Jain, K.K.Asthana",,Central Building Research Institute- Roorkee,1991,,Plastic,1
453,A Village A Waits Doomsday,Jaideep Hardkar,,Penguin Books,2013,9780143103103,,1
454,Wasterwater Irrigation In Gujarat- An Exploratory Study,"Alka Palrecha, Dheeraj Kapoor, Teja Malladi",,"People In Centre, IWMI",Nov 2012,,"Waste Water, Irrigation, Gujarat",1
455,Assessing Post-Tsunami Housing Reconstruction- In Andaman & Nicobar Islands,"Vivek Rawal, Dharmesh Jadeja, Rajendra Desai",,Book For Change- Bangalore,Dec 2006,,"Tsunami, Housing",2
456,National Programme For Capacity Building Of Engineers In Earthquake Risk Management,National Disaster Management Division,,National Disaster Management Division,,,"Earthquake, Building, Engineers",1
457,National Programme For Capacity Building Of Architects In Earthquake Risk Management,National Disaster Management Division,,National Disaster Management Division,,,"Earthquake, Building, Engineers",1
458,Space For Engagement,Himanshu Burte,,Naveen Kishor,2007,13 978 8 1704 6 278 1,"Architecture, Indian",1
459,Seismic Safety In Architecture,"P.K.Das, A.R. Ramanathan",,Not Known,2007,,Architecture,1
460,Catch Water Where It Falls,Gita Karavana,,Centre For Science and Environment,2013,978 81 86906 65 1,"Urban , Water",1
461,Rajmistriyo Ke Liye Margdarshika,DDMC- Rudki,,DDMC- Rudki,2011,,Earthquake,1
462,Land And Livelihood,"Ekta Parishad, South-South Solidarity",,"Ekta Parishad, South-South Solidarity",2012,,Global,1
463,Bihar Ke Bhumihino Avam Begharo Ke Haq Ke Kanuni Mudde,Abhay Nath Das,,Deshkal Society- Delhi,,,"Bihar, Land,",1
464,Sabki Apni Ho Jamin, P.V.Rajgopal,,Mahatma Gandhi Sewa Ashram,Aug 2012,,Land,1
465,Rastriy Bhumi Sudhar Nity,"Shiba Chudhary, Ramesh Sharma",,Ekta Parishad- Bhopal,2012,,Land,1
466,Excreta Matters,Sunita Narain,,Centre For Science and Environment,2013,978 81 86906 66 8,Water,1
467,Participatory Assessment Of Housing Vulnerability,"Alka Palrecha, Binoy Acharya",,"People In Centre, Unnati",2012,,Housing Vulnerability,1
468,A Treatise On Fluorosis,Prof. A.K.Susheela,,Florosis Research and Rura Development foundation,2000,,Florosis,1
469,A New Flightplan,Transport & Environment,,Transport & Environment,Feb 2012,,Getting Global  Climate ,1
470,Climate Change And Grassroots Adaptation Process,INECC,,INECC,2010,,Ecosystems,1
471,Development Through A Low Carbon Pathway,"Karuna D'souza, Nikhil Titus",,INECC,2011,,"Case Studies Solar, Biogas",1
472,Vulnerability Of The Forest Eco-System In The Context Of The Changing Climate,"Karuna D'souza, Sanjay Khatua",,INECC,Nov 2012,,Vulnerability,1
473,Eco-Ethic,INECC,,INECC,Nov 12,,,1
474,Imprint,Carbon Market Watch,,Bread For The World,,,,1
475,A Partner's Journey Towards India's Development,Dr. Sudhirendar Sharma,,CIDA,Mar 13,,Developing,1
476,Guidelines For Cyclone Resistant Construction Of Buildings In Gujarat,A.S.Arya,,GSDMA,Dec-2001,,"Cyclone, Buildings",1
477,Improving Earthquake Resistance Of Earthen Buildings-Guidelines,Bureau of Indian Standards,,Bureau of Indian Standards,1993,,"Earthquake, Buildings",1
478,Sardar Aawas Yojna Labharthi Data Book,Jilla Panchayat- Ahmedabd,,Jilla Panchayat- Ahmedabd,2009,,,1
479,The Quantified Participatory Assessment,A.J.James,,Not Known,Nov-2003,,,1
480,Manual For Estimating The Socioeconomic Effects Natural Disasters- Part-1,Not Known,,Not Known,,,,1
481,Methodology For Estimating The Impact Of Natural Disasters:Comments And Suggestions,Erick Bloomestein,,Not Known,,,Disaster,1
482,Eco Architecture For A Sustainable Future,Development Alternatives,,Development Alternatives,,,,1
483,"The Globalizing State, Public Services And The New Governance Of Urban Local Communities In India",IIM- Ahmedabad,,IIM- Ahmedabad,April-11,,,1
484,Community Managed Drought Risk Reduction,Unnati,,Unnati,,,,1
485,Architecture+Design- Volume 29 Issue 3,Not Known,,Not Known,March 2012,,Bamboo,1
486,Humanitarian Exchange- Volume Feb-2012 Issue 53,HPN,,HPN,Feb 2012,,,1
487,Humanitarian Exchange-Volume Sept-2012 Issue 55,HPN,,HPN,Sept 12,,,1
488,Network Paper -Volume -2012 Issue 72,HPN,,HPN,Feb 12,,,1
489,The World Bank In India- -Volume Sept-11 Issue 4,The World Bank,,The World Bank,Jan 13,,,1
490,"Undac Response Preparedness Mission Report 29March-12 April, 2008- Bhutan",Un office For The Coodination of Humanitarian Affairs,,Un office For The Coodination of Humanitarian Affairs,2008,,Bhutan,1
491,Contract Agreement For Odrc For Facilitating Owner Driven Housing Reconstruction Uder Bkfrp,Not Known,,ODRC,Sept-12,,Bihar,2
492,Technical Investigation On Traditional Earthen Construction In Kutch Region Of Gujarat For Its Sustenance And Betterment,"Subhas Basu, Mr Yogananda, Av Pramod",,Hunnarshala,Feb 11,,Construction,1
493,National Disaster Management Guidelines- Management Of Cyclones,Not Known,,NDMA,April 2008,,Cyclones,1
494,Understanding Status Of Drinking Water And Sanitation In Rural Gujarat,Indira Hirway & Subhrangsu Goswami,,Cfda,,,"Water,Gujarat",1
495,Valuation Of Coastal Resources- The Case Of Mangroves In Gujarat,Indira Hirway & Subhrangsu Goswami,,"Academic Foundation, New Delhi",2007,13 9788171885961,"Coastal, Gujarat",1
496,Changing Land Use -Workshop,Gidr,,Gidr,2013,,Land,1
497,Ambuja Technical Literature Series,Not Known,,Ambuja Cement,1998,,,1
498,Manual Of Tropical Housing And Building- Climatic Design,"Koenigsberger, Ingersoll, Mayhew, Szokolay",,Orient Longman,1975,8125011072,"Housing, Building",1
499,Earthquake Engineering Practice,Not Known,,Nicee,06/12,,Eartgquake,1
500,Earthquake Engineering Practice,Not Known,,Nicee,09/12,,Eartgquake,1
501,Earthquake Engineering Practice,Not Known,,Nicee,12/12,,Eartgquake,1
502,Earthquake Engineering Practice,Not Known,,Nicee,03/13,,Eartgquake,1
503,Climatic Evaluation Of Gujarat,Not Known,,"School of Architecture, Ahmedabad",,,Evaluation,1
504,Building And Engineering Contracts,Not Known,,"School of Architecture, Ahmedabad",,,Building,1
505,In The Hands Of The People- Vol.1,Anil C.Shah,,"Gidr,Ahmedabad",2001,,"Rural, Development",1
506,In The Hands Of The People- Vol.2,Anil C.Shah,,"Development Support Centre,Ahmedabad",2005,,"Rural, Development",1
507,Proceedings Of The Getty Seismic Adobe Project 2006 Colloquium,"Mary Hardy, Claudia Cancino, Gail Ostrgren",,"The Getty Conservation Institute, Los Angeles",2006,,,1
508,Handbook For Building Homes With Earth,Not Known,,Peace Crops,Sept. 1981,,,1
509,Seismic Stabilization Of Historic Adobe Structures,"E.Leroy tolles ,Frederick A Webster, William S Ginell, Edna E Kimbro",,"The Getty Conservation Institute, Los Angeles",2000,892365870,"Adobe, Structures",1
510,User Guide For Housing Safety Campaign In Earthquake Affected Areas,Not Known,,Unniti,,,Earthquake,1
511,Easily Understandable Guidelines On Earthquake Safer Construction,Prof. Qaisar Ali,,NDMA Pakistan,12/09,,Earthquake,1
512,Expression Of Interest Development Of Master Plan For Gandhi Green Memorial Project,People In Centre,,"Save, People In Centre , Alchemy",,,Development,1
513,Fittings & Fixtures,Not Known,,The Electro Platting & Polishing Works,,,Fittings,1
514,"Kutch Coast- People, Environment & Livelihoods",Knna,,Fishmarc & Kutch Nav Nirman Abhiyan,01/10,,Environment,1
515,Delivering A Solid Foundation,Austra Infrastructure Solutions Pvt. Ltd.,,Austra Infrastructure Solutions Pvt. Ltd.,,,Soil,1
516,Participatory Planning A Citizens' Handbook,Swati Ramanathan,,Ramanathan Foundation,2003,,"Land, Environment",1
517,Poor Little Rich Slum,"Rashmi Bansal, Deepak Gandhi",,Westland,2012,978 93 81626 18 4,Slum,1
518,Development Through Bricolage,Frances Cleaver,,Routledge,2012,978 1 84407 868 4,Development,1
519,The Untold Story Of A Coast,John Jacob Puthur,,"Star of Sea Publication, Bangalore",2013,978 81 903079 0 1,Coast,1
520,Socio Economic Development Of Villages Of Gulf Of Kachchh- Towards Livelihood Security,Gujarat Ecology Commission,,Gujarat Ecology Commission,,,Coastal,1
521,Report On Capacity Assessment And Capacity Building Plan For The Cbos Promoted Under The Iczmp,Gujarat Ecology Commission,,"Gujarat Ecology Commission,The World Bank",,,"Coastal , Kutchh",1
522,Mangrove Restoration Through Public-Private Partnership -Gujarat,Gujarat Ecology Commission,,Gujarat Ecology Commission,07/12,,Mangrove,1
523,"Integrated Coastal Zone Management Short Course Jadavpur University Nov19- Dec 08, 2001",Not Known,,"Jadavpur University, Calcutta",2001,,"Coastal, Management",1
524,The Cultural Cradle Of Biodiversity,P.S.Ramakrishnan,,"National Book Trust, India",2008,978 81 237 5361 4,"Cultural, Biology",1
525,Earthquake-Resistant Confined Masonry Construction,Svetlana Brzev,,Nicee,09/08,9788190613026,"Earthquake, Construction",1
526,Seismic Design Guide For Low-Rise Confined Masonry Buildings,Not Known,,Eeri,08/11,,"Buildings, Design",1
527,Confined Masonry For One And Two Storey Buildings In Low Tech Environments,tom Schacher,,Nicee,11/11,9789380903019,"Buildings, Design",1
528,People Of India Gujarat - Part 1,K.S.Singh,,Popular Prakashan Pvt. Ltd. Mumbai,2003,8179911047,"People, Gujarat",1
529,People Of India Gujarat - Part 2,K.S.Singh,,Popular Prakashan Pvt. Ltd. Mumbai,2003,8179911055,"People, Gujarat",1
530,Water -Sustainable And Efficient Use,"Suhas Paranjape, K.J.Joy",,Centre For Environment Education,2004,8186385827,Water,1
531,"Environmental Sanitation Institute, 2000-05",Not Known,,Vastu-Shilpa Foundation,2000,,Environment,1
532,Technical Options For Sanitation,Ishwarbhai Patel,,Environmental Sanitation Institute,,,,1
533,Time Sever Standards For Building Types,Joseph De Chiara & John Callender,,Mcgraw-Hill Publishing Company,1990,70162794,Building,1
534,The Sultainable Lifestyle Of The Warlis,Winin Pereira,,Earthcare Books,1990,81 85861 40 4,"Earth, Houses",1
535,Change In The Process Of Construction Of A Vernacular Settlement: A Case Of Banni,Avni Gor,,Cept University,2013,,"Construction, Banni",1
536,Living Environment Of The Kharwa Community Settled In Veraval Region Of Gujarat,Viral Patel,,Cept University,2013,,"Kharwa Community, Veraval",1
537,Attitudes Of Residents Towards Their Domestic Gardens,Mohit Prakash Kapoor,,Cept University,2013,,Residents,1
538,Earthquake Engineering Practice,Nicee,,Nicee,09/13,,,1
539,Earthquake Engineering Practice,Nicee,,Nicee,12/13,,,1
540,Draft Detailed Project Report For Component: A Coastal Resources Conservation & Management,Gujarat Ecology Commision,,Wapcos Limited,02/09,,Mangrove,1
541,Revitalising Communities Through Regenerating Mangroves,Alka Palrecha,,Save,,,Mangrove,1
542,An Anthropological Study On Seasonal Labour Migration In The Dangs Of Gujarat,"Janmejaya Mishra, Lipsa Sahoo",,Akrsp,2014,,"Labour, Dangs",1
543,"Understanding The Current Status Of Community Philanthropy In Gujarat, India: A Scan","Sanjay Dave, Jigna Sangadi, Niraj Joshi",,Akrsp,2014,,"Labour, Dangs",1
544,Earthquakes And Other Earth Movements,John Milne,,Cambridge University Press,2011,978 1 108 07263 2 ,Earthquakes,1
545,Teri- Climate Change,Not Known,,"Inecc,Laya",2014,,,1
546,"Map Book Water & Sanitation In Urban Gujarat, 2013",Urban Management Centre,,Urban Management Centre,"July, 2014",978-81-909120-6-8,"Water, Sanitation",1
547,Ahmedabad Towards A Zero Waste City,"Solid Waste Management Department, Amc",,"Solid Waste Management Department, Amc",,,Waste,1
548,Sintex Product & Solutions For Corporate Social Responsibility (Csr),Sintex Industries Ltd,,Sintex Industries Ltd,,,Sintex,1
549,Water Management And Its Influence On Contemporary Architecture Of Arid Regions,Arpita Mistry,,Cept University,2014,,"Water, Architecture",1
550,People Of India Gujarat - Part 3,K.S.Singh,,Popular Prakashan Pvt. Ltd. Mumbai,2003,8179911063,"People, Gujarat",1
551,Coastal Biovillage Toolkit,"P.Thamizoli, Gopalakrishnan, Rengalakshmi, Vishwanath Palled",,M.S.Swaminathan Research Foundation,,,"toolkit, Coastal",1
552,This Fissured Land An Ecological History Of India,"Madhav Gadgil, Ramachandra Guha",,Oxford University Press,1992,195633415,"Land, Fissured",1
553,Participatory Research- Revisiting The Roots,Rajesh Tandon,,"Mosaic Books, New Delhi",2002,8190129732,Participatory,1
554,Strengthening Community Resilience Against Disasters In Kosi Region,People In Centre,,People In Centre,2013,,Kosi Report,1
555,Building Typologies In Assam- Indentifying Needs For Natural Hazard Safe Construction,People In Centre,,People In Centre,2012,,Assam Report,1
556,Strengthening Capacities Of Building Professionals -Reference Material Training Modules For Architects On Seismic Resistant Design And Retrofitting,People In Centre,,People In Centre,2013,,Assam Report,1
557,Strengthening Capacities Of Building Professionals -Reference Material Training Modules For Engineers On Seismic Resistant Construction,People In Centre,,People In Centre,2013,,Assam Report,1
558,Strengthening Capacities Of Building Professionals -Reference Material Training Modules For Engineers On Seismic Resistant Construction,People In Centre,,People In Centre,2013,,Assam Report,1
559,"Strengthening Capacities Of Building Professionals -Reference Material Training Modules For Masons On Seismic Resistant Construction, Repair And Retrofitting Techniques",People In Centre,,People In Centre,2013,,Assam Report,1
560,"Strengthening Capacities Of Building Professionals -Training Modules For Engineers, Architects, Junior Engineers And Masons In Assam",People In Centre,,People In Centre,2012,,Assam Report,1
561,Strengthening Capacities Of Building Professionals -Reference Material Training Modules For Junior Engineers On Seismic Resistant Construction And Vulnerability Assessment,People In Centre,,People In Centre,2013,,Assam Report,1
562,Makan Na Bandhkamni Surakshit Padhdhati Parimit Chantar,People In Centre,,GSDMA,2013,,"Building , Gujarati",2
563,Earth Construction- Learning From Traditional Practices In Rural Gujarat,"People In Centre, Hunnarshala",,People In Centre,2012,,"Earth, Construction",1
564,Socio Technical Facilitation Of Iay In Gujarat- Housing Typology Study Part-1,"Hunnarshala, People In Centre, Buildaur, Thumbimpressions",,"Hunnarshala, People In Centre, Buildaur, Thumbimpressions",2013,,Iay Report,1
565,Traditional Method Of Cob Wall Construction,"People In Centre, Hunnarshala",,"People In Centre, Hunnarshala",2012,,"Cob Wall, Construction",1
566,Base Maps Of Kvy-3 Programme Villages- Supplement Document To Baseline Study,"People In Centre, Akrsp",,"People In Centre, Akrsp",2010,,"Kvy Study, Gujarat",1
567,Water Policy Research - Highlight -Wastewater Irrigation In Gujarat An Exploratory Study,"Alka Rawal, Dheeraj Kapoor, Teja Malladi",,"People In Centre,Iwmi-Tata",2012,,Iwmi Highlight,10
568,"Feasibility Study For Promoting Social Enterpreneurship For Water Treatement Systems In Western Rajasthan And Kutch, Gujarat","Alka Palrecha, Deepinder Mohan",,People In Centre,2013,,"Water, Rajasthan, Gujarat",1
569,"Assessing Impact Of Drinking Water Supply Through Hand Pumps In The Dangs, Gujarat",Alka Palrecha,,"People In Centre,Wapcos",03/13,,"Water, Gujarat",1
570,Rebuilding After Disasters- Lessions From Cida Supported Tsunami Projects In India,"Vivek Rawal, P.Thamizoli",,"People In Centre,Cida",2009,,"Disaster, Cida",1
571,Monitoring Report Of Short-Term Projects Supported Under Canada Fund For Local Initiatives,Vivek Rawal,,"People In Centre,Cida",2011,,"Report, Nishtha",1
572,Tradition Of Earthen Houses And Livelihood System In Tribes Of India,Dr.O.P.Joshi,,"Trti, Ahmedabad",,,Tribes,1
573,Tsunami Displacement: Lessions For Climate Change Adaptation Programming - Finding For The Maldives- Overview Report,"Jock Baker, Team Leader",,Usaid,07/10,,Tsunami,1
574,Tsunami Displacement: Lessions For Climate Change Adaptation Programming - Finding For India- Overview Report,"Jock Baker, Team Leader",,Usaid,11/10,,Tsunami,1
575,Tsunami Displacement: Lessions For Climate Change Adaptation Programming ,"Jock Baker, Team Leader",,Usaid,12/10,,Tsunami,1
576,Annex Iv: Shelter Reconstruction,"Vivek Rawal,Jock Baker, Team Leader",,Usaid,12/10,,Tsunami,1
577,Journal Of The Indian Institute Of Architects- Landscape Architecture-1,Not Known,,An Iia Publication,10/99,,Magazine,1
578,Ghar Ka Pratirup- Bans Aadharit Nirman Karya,Government of Bihar,,Government of Bihar,2010,,Bamboo,1
579,The Political Biography Of An Earthquake,Oxford University Delhi,,Oxford University Delhi,2013,0-19-945368-3,Earthquake,1
580,Arthat- Bhukamp Visheshank,Vivek Rawal,,Center For Social Study,July-Sept 2001,,Earthquake,1
581,Gazetteer Of India- Supplement Surat District Gazetteer,S.Tripathi,,Government of Gujarat,1981,,Gazetteer,1
582,Site Engineering For Landscape Architects- Part-1,"Steven Strom, Kurt Nathan Pe",,Avi Publication Company,1985,0-87055-471-9,"Architects,",1
583,Site Engineering For Landscape Architects- Part-2,"Steven Strom, Kurt Nathan Pe",,Avi Publication Company,1985,0-87055-471-9,"Architects,",1
584,Tropical Garden Plants In Colour,Bose & Chowdhury,,Horticulture and Allied Publishers,08/91,81-900171-0-1,"Plants, Colour, Garden",1
585,Dams As Aid- A Political Anatomy Of Nordic Development Thinking,Ann Danaiya Usher,,"Routledge, London and New York",1997,0-415-15464-2,Dams,1
586,"Compendium Of ""Trainign Courses On Coastal And Marine Biodiversity And Marine Protected Areas In India""",Not Known,,"Wildfare Institute of India(Wii) ,Giz",,,"Coastal, Marine",1
587,Towards Climate - Responsible Peatlands Management,Riccardo Biancalani & Armine Avagyan,,Food and Agriculture Organization of The United Nations (Fao),2014,978-92-5-108546-2,"Climate, Mitigation",2
588,Standard Operating Procedure (Sop) For Fecal Sludge Management For Municipalities In Gujarat,Urban Management Centre,,Urban Management Centre,01/15,978-81-909120-8-2,"Urban, Housing, Development",1
589,The Sardar Sarovar Project- Assessing Economic And Social Impacts,"S. Jagadeesan,M.Dinesh Kumar",,Sage Publications,2015,978-93-515-0126-8,"Sardar Sarovar, Social Impacts",1
590,People Of India- Bihar Including Jharkhand- Volume Xvi- Part 1,K.S.Singh,,"Naveen Kishore Seagull Books, Kolkata",,81 7046 302 5,"People, Jharkhand, Bihar",1
591,People Of India- Bihar Including Jharkhand- Volume Xvi- Part 2,K.S.Singh,,"Naveen Kishore Seagull Books, Kolkata",,81 7046 302 5,"People, Jharkhand, Bihar",1
592,Regional Planning Theory,Anil Kumar Roy,,Cept University,,,Bechelor In Planning Monsoon Semestervii,1
593,Urben India 2015-Evidence,"Teja Malladi, Arindam Jana",,Indian Institute For Human Settlements (Iihs),2015,,"Urben, Evidence",1
594,Reducing Relocation Risk In Urban India- A Diagnostic,"Teja Malladi, Amir Bazaz, Rohit Jigyasu, Susmita Ramoji, Garima Jain, Aishwarya",,Indian Institute For Human Settlements (Iihs),07/16,,"Urben, Relocation",1
595,Reducing Relocation Risk In Urban India- Site Report For Urban Risks And Resettlements- Section-I (Research Framework And Initial  Summary Of Findings),"Teja Malladi, Amir Bazaz, Rohit Jigyasu, Susmita Ramoji, Mohan Raju, Sunil Kraleti, andaleeb Rehman",,Indian Institute For Human Settlements (Iihs),07/16,,"Urben, Relocation",1
596,Reducing Relocation Risk In Urban India- Site Report For Urban Risks And Resettlements- Section-Ii ( Site Briefs),"Teja Malladi, Garima Jain, Susmita Ramoji, Sunil Kraleti, Aishwarya, Greeshma Hegde",,Indian Institute For Human Settlements (Iihs),07/16,,"Urben, Relocation",1
597,Reducing Relocation Risk In Urban India- Site Report For Urban Risks And Resettlements- Section-Iii ( Data From Primary Work),"Teja Malladi, Amir Bazaz, Rohit Jigyasu, Susmita Ramoji, Mohan Raju, Sunil Kraleti, andaleeb Rehman,Aishwarya",,Indian Institute For Human Settlements (Iihs),07/16,,"Urben, Relocation",1
598,Reducing Relocation Risk In Urban India- Site Report For Urban Risks And Resettlements- Section-Iv (Transcripts And Interviews),"Teja Malladi, Susmita Ramoji, Mohan Raju, Sunil Kraleti, Aishwarya",,Indian Institute For Human Settlements (Iihs),07/16,,"Urben, Relocation",1
599,Cities Provide Transformational Opportunity To Reduce -Risk Accumulation,"Teja Malladi, , Rohit Jigyasu, Sumetee Pahwa Gajjar, Garima Jain",,Indian Institute For Human Settlements (Iihs),07/16,,"Urben, Relocation",1
600,Reforming Institutions In Water Resource Management,Lin Crase & Vasant P.Gandhi,,"Earthscan, London",2009,978-1-84407-755-7,Water,1
601,Resource Book On City Farming In South India,Surya Gunjal,,"Iwmi,Ruaf Foundation",2009,,"City Farming, South India",1
602,Galvanised Wire-Mesh Wall Reinforcement Methodology,Sjoerd Nienhuys,,"Bacip , Pakistan",12/99,,"Wire-Mesh Wall Reinforcement, Earthquake, Wall",1
603,Urban Growth Trends And Multi Hazards In Kathmandu Vally,Kvda,,"UNDP, Nepal",11/16,,"Kathmandu, Urban Growth",1
604,National Guidelines On Temporary Shelters For Disaster- Affected Families,NDMA (Pic),,NDMA,09/19,,"Guidelines, Temporary Shelters",2
605,Unmute,Not Known,,Compartment S4,04/21,978-81-951601-0-5,Songs of Participation,1
606,The Right To The City,Globle Plataform For The Right to The City,,Ford Foundation,,,Right to The City,1
607,Releasing The Commons,Ash Amin and Philip Howell,,Routledge ,2016,978-1-138-94234-9,Common,1
608,Promoting Safar Living Field Level Socio-Technical Interventions Through Retrofitting Training Documentation Of Process,"Rajendra, Rupal Desai & Rooshank Mehta",,"UNDP, NCPDP-CEDAP,ODRC Collaborative",07/21,,Retrofitting Training,1
609,"Houses Retrofitted Inder The Retrofitting Training Programme, Nepal Housing Reconstruction Programme, Gorkha ,Nepal","Rajendra, Rupal Desai & Rooshank Mehta",,"UNDP, NCPDP-CEDAP,ODRC Collaborative",06/21,,"House, Nepal, Retrofitting Training",2
610,Inventory Of Bungamati Heritage Vol-1,Parya Sampada,,Unohabitat,2020,,Bungamati,1
611,Aaju Aji Jarta Of Bungamati,Parya Sampada,,Unohabitat,2020,,Bungamati,1
612,Bunga Abode Of The Mystics,Parya Sampada,,Unohabitat,2020,,Bungamati,1
613,Gamges Water Machine,Anthony Acciavatti,,Applied Research Design Publishing,2015,978-0-982622-61-2,"Water , Machine",1
614,Water And The Laws In India,Ramaswamy R Iyer,,Sage Publications,2009,978-93-532-8173-1,"Water, Law",1
615,Water Law In India,Philippe Cullet & Sujith Koonan,,Oxford,2017,978-0-19-947247-5,Water,1
616,H2o And The Waters Of Forget - Fulness,Ivan Illich,,"Marion Boyars, Londan",1986,0-7145-2854-4,Water,1
617,Sense And Solidarity,Jean Dreze,,Permanent Black,2017,978-81-7824-521-8,Economics,1
618,Planning Ideas That Matter,"Bishwapriya Sanyal, Lawrence J Vale, and Christina D Rosan",,The Mit Press,2012,978-0-262-01760-2,"Livability, Governance and Reflective Practice",1
619,Commutiny,"Arjun Shekhar, Mahamaya Navlakha",,Konark Publishers Pvt Ltd,2019,978-81-935-5541-5,"Commutiny, Youth",1
620,Projections The Mit Journal Of Planning,Kartik Rao-Cavale,,Mit,2016,1535-6191,"Law , Planning",1
621,"The Human Journey- Ecology, Equity And The Economy",Gurudas Nulkar,,Ecological Society,,978-81-935577-0-9," Ecology, Equity, Economy",1
622,Qualitative Inquiry & Research Design,John W Creswell,,Sage Publications,2007,978-1-4129-1607-3,"Research, ",1
623,Indica (A Deep Natural History Of The Indian Subcontinent),Pranaylal,,"Allen Lane, Penguin Books",,978-8-184-00757-2,Natural History,1
624,Jal Thal Mal,Sopan Joshi,,Gandhi Shanti Pratishthan,2016,,Jal. Mal. Sthal,1
625,Timing The Anarchy,Tushar Shah,,"Iwmi,Rff Press",,,Anarchy,1
626,Structures- Or Why Things Don't Fall Down,J.E Gordon,,A.Pelican Book,1978,0-14-021961-7,Structures,1
627,Temples Of Garhwal,Rathin Mitra,,Garhal Mandal Vikas Nigam Ltd,1994,,Temple,1
628,Jana- Brown Citizenship Index,Not Known,,Brown University,2019,,Questionnaire 2019,1
629,Governance And Citizens In Urban India: Evidence From Bhavnagar,Tarun Arora,,The Janaagraha- Brown University,06/22,,The Janaagraha Brown Citizenship Index Study,1
630,Living Rivers Dying Rivers,Ramaswamy R Iyer,,Oxford,2015,199456224,River,1
631,Navigating Sustainable Seas,Dr. Chirag Bhimani,,Orange Book Publication,2024,978-93-5621-519-1,Sea,1
632,Gujarat Ni Samprat Paryavaraniy Paristhiti,Mahesh Pandya,,Paryavaran Mitra,2023,,,1
633,The Institutional Economics Of Water,"R. Maria Saleth, Ariel Dinar",,The World Bank,2004,0 8213 5656 9,"Water, Cross Country Analyses",1
634,Wastewater Irrigation And Health,Pay Drechsel,,"Iwmi , Earthscan",2010,978-1-84407-795-3,"Wastewater, Irrigation, Health",1
635,Wastewater- Economic Asset In An Urbanizing World,Pay Drechsel,,"Iwmi , Unu, Springer",2015,978-94-017-9544-9,Wastewater,1
636,Water Voice- From Around The World,William E. Marks,,William E. Marks,2007,978-0-9793046-0-6,Water,1
637,Statistics On Water In Mexico ,Not Known,,"Mexico, Semarnat, Conagua",2016,`,Water,1
638,India Infrastructure Report 2011,Not Known,,"Idfc , Oxford",2011,10-0-19-807885-4,"Water, Policy",1
639,River For Life,Sandra Postel & Brian Richter,,Island Press,2003,55963-444-8,"River, Water, Nature",1
640,Financing For Development: Progress And Prospects,Not Known,,United Nations,2017,978-92-1-101363-4,Finance,1
641,The Campus Guide- Mit,Douglass Shand Tucci,,Princeton Architectural Press,,,"Historical, Architectural",1
642,How To Write A Thesis,Umberto Eco,,Mit Press,2012,978-0-262-52713-2,Thesis,1
643,Climate Change – A Very Short Introduction,Mark Maslin,,Oxford,2014,978-0-19-871904-5,Climate,1
644,Unknown Armenia,Vladimir Saroyan,,,2002,,Armenia,1
645,Projections 11- The Mit Journal Of Planning,Eryn Deeming,,Mit,2015,,"Politics, Planning Design, Mit",1
646,Strengthening – Resilience In Post-Disaster Situations,"Julian Gonsalves, Priyanka Mohan",,International Development Reserch Centre,2011,9788171889044,South Asia,1
647,Sustainable Building Technologies,K.S.Jagadish,,"Bmtpc,Ik",2019,978-93-86768-20-9,Building,1
648,Gandhi Ni Vat Game Gam,"Jagdish Shah, Prof. Kishorbhai Desai",,Yagna Prakashan,2024,,Gandhi,1
649,Game Gam Gram Swaraj,"Jagdish Shah, Prof. Kishorbhai Desai",,Yagna Prakashan,2024,,Gandhi,1
650,Waste To Worth,"Faraz Ahmad,Sumita Singhal",,Centre For Science and Environment,2024,,"Waste Water, Urban Water",1
651,The Vegetarian Han Kang,,,Buzzfed,2016,1588-0-7679-0014-6,,1
`,,,,,,,,
